Frequency (MHz),Ground Data (Watts),Sky Data (Watts),Source Data (Watts),Original Receiver Temperature (Tr) (K),Corrected Receiver Temperature (Tr) (K),Source Temperature (Ts) (K),Brightness Temperature (K)
1419.405751,6.966265141107687e-08,2.992264636608189e-08,3.1117163371060195e-08,217.12329032167275,217.12329032167275,8.867198584137583,-0.23960363077680213
1419.40965725,6.622165037017616e-08,2.7605778562203446e-08,2.8773984147356725e-08,205.89008986632925,205.89008986632925,8.92432648766632,-0.1824757272480646
1419.4135635,6.714288529259522e-08,2.8119008303989396e-08,2.924152377843331e-08,207.56492408734462,207.56492408734462,8.485627019007893,-0.621175195906492
1419.41746975,6.792036326171843e-08,2.844461107447914e-08,2.9580124665515465e-08,207.56492408734456,207.56492408734456,8.485627019008376,-0.6211751959060088
1419.421376,6.823386941416703e-08,2.870780582024692e-08,2.999162518987653e-08,209.25869279518918,209.25869279518918,9.58169571176299,0.4748934968486047
1419.42528225,6.902398038402427e-08,2.917427014001166e-08,3.026913428101305e-08,210.9717006373101,210.9717006373101,8.105075786440324,-1.0017264284740612
1419.4291885,6.966265141107687e-08,2.9308932452503244e-08,3.061963433690676e-08,209.25869279518997,209.25869279518997,9.581695711762535,0.47489349684814997
1419.43309475,7.079457843841373e-08,2.9716660317380252e-08,3.1117163371060195e-08,208.40942274137387,208.40942274137387,10.05767623418177,0.9508740192673848
1419.437001,7.112135136533295e-08,2.999162518987653e-08,3.1117163371060195e-08,210.1127725302779,210.1127725302779,8.072841575281814,-1.0339606396325713
1419.44090725,7.244359600749906e-08,3.047894989627983e-08,3.191537855100758e-08,209.25869279518912,209.25869279518912,10.097701098720762,0.990898883806377
1419.4448135,7.328245331389045e-08,3.076096814740711e-08,3.213660538640315e-08,208.40942274137376,208.40942274137376,9.543716168778275,0.43691395386388976
1419.44871975,7.413102413009177e-08,3.126079367123956e-08,3.2508729738543405e-08,210.112772530278,210.112772530278,8.587337551357109,-0.5194646635572759
1419.452626,7.533555637337184e-08,3.147748314101311e-08,3.28095293113119e-08,206.72515895540317,206.72515895540317,8.959664464881683,-0.14713775003270158
1419.45653225,7.673614893618186e-08,3.191537855100758e-08,3.326595532940047e-08,205.05967973414226,205.05967973414226,8.889185665529993,-0.2176165493843918
1419.4604385,7.780365510398041e-08,3.228494121712638e-08,3.38844156139202e-08,204.23389186096634,204.23389186096634,10.365955159169118,1.2591529442547333
1419.46434475,7.852356346100726e-08,3.2508729738543405e-08,3.396252725904089e-08,203.41268993195456,203.41268993195456,9.320261182154155,0.2134589672397702
1419.468251,7.97994687267977e-08,3.296097121774576e-08,3.443499307633384e-08,202.59603801031096,202.59603801031096,9.283740329190692,0.17693811427630735
1419.47215725,8.10961057853842e-08,3.318944575526104e-08,3.4994516702835694e-08,199.37422462024296,199.37422462024296,11.1152797794648,2.0084775645504145
1419.4760635,8.279421637123345e-08,3.419794425137094e-08,3.5809643710263626e-08,202.59603801031164,202.59603801031164,9.78369985254514,0.6768976376307556
1419.47996975,8.413951416451947e-08,3.467368504525317e-08,3.639150361272071e-08,201.78390053237223,201.78390053237223,10.244576638573903,1.1377744236595184
1419.483876,8.550667128846841e-08,3.507518739525679e-08,3.681289736425313e-08,200.17302848971983,200.17302848971983,10.164770125332808,1.057967910418423
1419.48778225,8.709635899560796e-08,3.5809643710263626e-08,3.749730022454834e-08,200.9762423027799,200.9762423027799,9.707361232710099,0.6005590177957139
1419.4916885,8.851156098308356e-08,3.6140986263961315e-08,3.819442708400464e-08,198.57979657564624,198.57979657564624,11.566896967651502,2.460094752737117
1419.49559475,9.036494737223023e-08,3.689775985701505e-08,3.8815036599064865e-08,198.57979657564624,198.57979657564624,10.578387702621256,1.4715854877068715
1419.499501,9.099132726322526e-08,3.7068072178257595e-08,3.872576449216173e-08,197.7897105869336,197.7897105869336,9.068800313170357,-0.03800190174402829
1419.50340725,9.332543007969923e-08,3.8018939632056126e-08,3.9810717055349696e-08,197.78971058693367,197.78971058693367,9.557184619624138,0.4503824047097531
1419.5073135,9.484184633008979e-08,3.837072454922792e-08,4.027170343254587e-08,195.44517241834538,195.44517241834538,9.93054065323787,0.8237384383234847
1419.51121975,9.682778562612486e-08,3.917418771077831e-08,4.1209751909733046e-08,195.44517241834546,195.44517241834546,10.415506757676326,1.3087045427619408
1419.515126,9.88553094656939e-08,3.99024902362142e-08,4.197589839910069e-08,194.67212380229842,194.67212380229842,10.375337703029686,1.268535488115301
1419.51903225,9.954054173515254e-08,3.9810717055349696e-08,4.2072662838444464e-08,191.62139633400523,191.62139633400523,11.171537997810162,2.0647357828957773
1419.5229385,1.01391138573668e-07,4.027170343254587e-08,4.2364296604954177e-08,189.376019430976,189.376019430976,10.100142195933216,0.9933399810188313
1419.52684475,1.025651926251408e-07,4.0457589169744286e-08,4.24619563946313e-08,187.16630720014584,187.16630720014584,9.520385563843433,0.41358334892904836
1419.530751,1.0495424286523221e-07,4.187935651179183e-08,4.3954161543782426e-08,190.86892478490728,190.86892478490728,9.70382223136329,0.597020016448905
1419.53465725,1.0616955571987242e-07,4.178303666466222e-08,4.4055486350655344e-08,186.43752445300004,186.43752445300004,10.411692807824267,1.3048905929098815
1419.5385635,1.0839269140212038e-07,4.2364296604954177e-08,4.456562483975033e-08,184.27413784406954,184.27413784406954,9.83503886865256,0.7282366537381755
1419.54246975,1.1117317272815919e-07,4.355118736855688e-08,4.602565735813563e-08,184.99146809137451,184.99146809137451,10.794841988798197,1.688039773883812
1419.546376,1.1246049739669257e-07,4.4360864393143274e-08,4.677351412871981e-08,187.16630720014615,187.16630720014615,10.451329039585005,1.34452682467062
1419.55028225,1.148153621496883e-07,4.539416166502032e-08,4.7643098680541564e-08,187.8989645481358,187.8989645481358,9.556683188232824,0.44988097331843946
1419.5541885,1.1641260294104908e-07,4.539416166502032e-08,4.797334486366892e-08,183.56056892508886,183.56056892508886,10.713541862233939,1.6067396473195537
1419.55809475,1.1830415557251635e-07,4.634469197362875e-08,4.897788193684456e-08,184.99146809137451,184.99146809137451,10.794841988798169,1.6880397738837836
1419.562001,1.1967405313072444e-07,4.645152752227492e-08,4.909078761526029e-08,182.14460482212348,182.14460482212348,10.633090308767493,1.5262880938531076
1419.56590725,1.2274392311584072e-07,4.797334486366892e-08,5.0466129756352864e-08,184.27413784406923,184.27413784406923,9.835038868652902,0.7282366537385165
1419.5698135,1.2473835142429433e-07,4.80839348449729e-08,5.058246620031137e-08,180.04818655280897,180.04818655280897,9.615450520872969,0.5086483059585838
1419.57371975,1.2735030810166605e-07,4.920395356814511e-08,5.1999599653351516e-08,180.74335794994144,180.74335794994144,10.553474951696273,1.4466727367818883
1419.577626,1.2852866599436168e-07,4.9659232145033576e-08,5.248074602497733e-08,180.7433579499405,180.7433579499405,10.55347495169704,1.4466727367826557
1419.58153225,1.3121998990192028e-07,5.0466129756352864e-08,5.308844442309879e-08,179.35661467189036,179.35661467189036,9.579515150057034,0.4727129351426491
1419.5854385,1.327394457729739e-07,5.069907082747044e-08,5.357966575133417e-08,177.3032367177585,177.3032367177585,10.358015831891038,1.2512136169766528
1419.58934475,1.342764961137864e-07,5.116818355403084e-08,5.407543229455804e-08,176.62580473025417,176.62580473025417,10.319525833698975,1.2127236187845902
1419.593251,1.3583134465871542e-07,5.1404365158242644e-08,5.445026528424209e-08,174.61423956422203,174.61423956422203,10.642812789065943,1.5360105741515575
1419.59715725,1.3740419750125163e-07,5.248074602497733e-08,5.546257129579105e-08,177.3032367177585,177.3032367177585,10.358015831890668,1.2512136169762833
1419.6010635,1.4028137045619575e-07,5.345643593969714e-08,5.636376558259538e-08,176.62580473025392,176.62580473025392,9.87806382384315,0.7712616089287643
1419.60496975,1.4190575216890925e-07,5.370317963702522e-08,5.701642722807478e-08,174.6142395642215,174.6142395642215,11.081400590740145,1.9745983758257601
1419.608876,1.4354894333536558e-07,5.4200089040162386e-08,5.74116462207328e-08,173.95054606991522,173.95054606991522,10.6034864771527,1.4966842622383147
1419.61278225,1.46554784095591e-07,5.546257129579105e-08,5.847900841444812e-08,174.61423956422203,174.61423956422203,9.768661037574333,0.6618588226599478
1419.6166885,1.4791083881682087e-07,5.571857489319304e-08,5.9020108017184416e-08,173.29022625052747,173.29022625052747,10.564360068045175,1.4575578531307904
1419.62059475,1.4893610777109138e-07,5.6234132519034905e-08,5.942921586155727e-08,173.95054606991545,173.95054606991545,10.167524300116668,1.0607220852022827
1419.624501,1.510080154164148e-07,5.610479760324712e-08,5.95662143529011e-08,169.3978304881195,169.3978304881195,10.759571326213177,1.6527691112987917
1419.62840725,1.534616982799294e-07,5.727960309858292e-08,6.067363295885046e-08,170.68220865040016,170.68220865040016,10.409825309909706,1.3030230949953214
1419.6323135,1.54170045294956e-07,5.7543993733715665e-08,6.095368972401694e-08,170.6822086503999,170.6822086503999,10.409825309910048,1.3030230949956625
1419.63621975,1.548816618912481e-07,5.727960309858292e-08,6.067363295885046e-08,168.12629593169822,168.12629593169822,10.258377960098613,1.1515757451842283
1419.640126,1.5523870099580817e-07,5.767664633922509e-08,6.151768727098678e-08,169.39783048811924,169.39783048811924,11.614219061480583,2.5074168465661977
1419.64403225,1.56675107010815e-07,5.727960309858292e-08,6.081350012787188e-08,165.00248752702865,165.00248752702865,10.48839819314955,1.3815959782351648
1419.6479385,1.57398286446622e-07,5.807644175213124e-08,6.180164001384152e-08,167.4952891237333,167.4952891237333,11.064368473871951,1.9575662589575664
1419.65184475,1.5776112696993466e-07,5.794286964268809e-08,6.123503917247734e-08,166.24268648123564,166.24268648123564,9.72958291691927,0.622780702004885
1419.655751,1.6218100973589298e-07,6.053408747539135e-08,6.412095765851622e-08,170.68220865040016,170.68220865040016,10.409825309910104,1.3030230949957193
1419.65965725,1.599558028614668e-07,5.861381645140285e-08,6.237348354824192e-08,165.62104726463815,165.62104726463815,10.944148944147656,1.8373467292332712
1419.6635635,1.6405897731995388e-07,5.95662143529011e-08,6.353309318517436e-08,163.16507416543666,163.16507416543666,11.199141665816512,2.092339450902127
1419.66746975,1.6481623915255085e-07,5.9979107625551e-08,6.397348354826482e-08,163.77452188760677,163.77452188760677,11.239728520205688,2.132926305291303
1419.671376,1.6672472125510626e-07,6.123503917247734e-08,6.516283940608428e-08,166.24268648123538,166.24268648123538,10.984022759746779,1.8772205448323938
1419.67528225,1.690440931643265e-07,6.180164001384152e-08,6.591738952443213e-08,165.00248752702836,165.00248752702836,11.321506268795588,2.214704053881203
1419.6791885,1.713957307508427e-07,6.30957344480193e-08,6.683439175686149e-08,166.86742657054404,166.86742657054404,10.183785260939032,1.0769830460246475
1419.68309475,1.7298163592151034e-07,6.412095765851622e-08,6.760829753919818e-08,168.76046898738133,168.76046898738133,9.450292623713096,0.3434904087987114
1419.687001,1.7378008287493743e-07,6.353309318517436e-08,6.760829753919818e-08,165.00248752702896,165.00248752702896,10.904472655625312,1.7976704407109274
1419.69090725,1.7538805018417602e-07,6.471426157485831e-08,6.870684400142317e-08,167.49528912373333,167.49528912373333,10.642192976643713,1.535390761729328
1419.6948135,1.7579236139586932e-07,6.516283940608428e-08,6.918309709189362e-08,168.76046898738133,168.76046898738133,10.720248953288092,1.6134467383737068
1419.69871975,1.782378767448089e-07,6.591738952443213e-08,6.982324040771705e-08,168.12629593169822,168.12629593169822,10.258377960098642,1.1515757451842568
1419.702626,1.7701089583174203e-07,6.531305526474716e-08,6.950243175887976e-08,167.495289123733,167.495289123733,11.06436847387269,1.9575662589583054
1419.70653225,1.7906058540352948e-07,6.546361740672747e-08,6.982324040771705e-08,165.00248752702865,165.00248752702865,11.32150626879519,2.214704053880805
1419.7104385,1.7906058540352948e-07,6.606934480075964e-08,7.046930689671468e-08,167.4952891237333,167.4952891237333,11.48751718613235,2.380714971217966
1419.71434475,1.8030177408595698e-07,6.622165037017616e-08,7.046930689671468e-08,166.24268648123513,166.24268648123513,10.98402275974675,1.8772205448323653
1419.718251,1.8071741260109275e-07,6.591738952443213e-08,7.030723198838328e-08,164.3869860698736,164.3869860698736,11.28051625913713,2.173714044222745
1419.72215725,1.8197008586099845e-07,6.652731562017406e-08,7.030723198838328e-08,165.00248752702834,165.00248752702834,9.659117901411832,0.5523156864974474
1419.7260635,1.8238957023196385e-07,6.745280276979216e-08,7.144963260755134e-08,168.1262959316979,168.1262959316979,10.258377960098983,1.1515757451845978
1419.72996975,1.8365383433483474e-07,6.745280276979216e-08,7.177942912713614e-08,166.24268648123507,166.24268648123507,10.98402275974675,1.8772205448323653
1419.733876,1.8365383433483474e-07,6.760829753919818e-08,7.177942912713614e-08,166.8674265705443,166.8674265705443,10.603456646580554,1.496654431666169
1419.73778225,1.84926861897808e-07,6.807693586937418e-08,7.261059574351542e-08,166.8674265705443,166.8674265705443,11.44570397542418,2.3389017605097955
1419.7416885,1.84926861897808e-07,6.745280276979216e-08,7.194489780036998e-08,164.38698606987327,164.38698606987327,11.280516259137443,2.1737140442230576
1419.74559475,1.8620871366628696e-07,6.807693586937418e-08,7.277798045368243e-08,165.00248752702865,165.00248752702865,11.739501243730302,2.6326990288159173
1419.749501,1.8407720014689544e-07,6.760829753919818e-08,7.161434102129012e-08,166.24268648123558,166.24268648123558,10.146767083379558,1.039964868465173
1419.75340725,1.8663796908346694e-07,6.854882264526621e-08,7.277798045368243e-08,166.24268648123564,166.24268648123564,10.564912958666241,1.4581107437518561
1419.7573135,1.8535316234148105e-07,6.776415076106757e-08,7.211074791828991e-08,165.0024875270292,165.0024875270292,10.904472655625,1.7976704407106148
1419.76121975,1.8706821403657996e-07,6.870684400142317e-08,7.311390834834173e-08,166.24268648123532,166.24268648123532,10.984022759746807,1.8772205448324222
1419.765126,1.8706821403657996e-07,6.886522963442761e-08,7.311390834834173e-08,166.8674265705446,166.8674265705446,10.603456646580582,1.4966544316661974
1419.76903225,1.8663796908346694e-07,6.870684400142317e-08,7.261059574351542e-08,166.8674265705443,166.8674265705443,9.765079092699693,0.6582768777853083
1419.7729385,1.8620871366628696e-07,6.776415076106757e-08,7.194489780036998e-08,163.77452188760648,163.77452188760648,10.412638168804165,1.3058359538897797
1419.77684475,1.8535316234148105e-07,6.776415076106757e-08,7.211074791828991e-08,165.0024875270292,165.0024875270292,10.904472655625,1.7976704407106148
1419.780751,1.8749945080674173e-07,6.854882264526621e-08,7.294575102545693e-08,165.0024875270292,165.0024875270292,10.904472655625312,1.7976704407109274
1419.78465725,1.84926861897808e-07,6.66806769213622e-08,7.128530301265191e-08,161.3546244280118,161.3546244280118,11.48759849800689,2.3807962830925042
1419.7885635,1.8620871366628696e-07,6.792036326171843e-08,7.227698036021703e-08,164.38698606987327,164.38698606987327,10.86499253444191,1.7581903195275252
1419.79246975,1.8706821403657996e-07,6.839116472814293e-08,7.311390834834173e-08,165.00248752702896,165.00248752702896,11.73950124373036,2.632699028815974
1419.796376,1.8793168168032686e-07,6.918309709189362e-08,7.345138681571143e-08,166.8674265705443,166.8674265705443,10.603456646580526,1.4966544316661405
1419.80028225,1.8706821403657996e-07,6.870684400142317e-08,7.345138681571143e-08,166.24268648123532,166.24268648123532,11.825143032725123,2.7183408178107378
1419.8041885,1.8706821403657996e-07,6.823386941416703e-08,7.277798045368243e-08,164.3869860698741,164.3869860698741,11.280516259137158,2.1737140442227734
1419.80809475,1.8749945080674173e-07,6.870684400142317e-08,7.311390834834173e-08,165.62104726463815,165.62104726463815,10.944148944147685,1.8373467292332997
1419.812001,1.857804455091697e-07,6.776415076106757e-08,7.227698036021703e-08,164.38698606987413,164.38698606987413,11.280516259137158,2.1737140442227734
1419.81590725,1.8706821403657996e-07,6.870684400142317e-08,7.311390834834173e-08,166.24268648123532,166.24268648123532,10.984022759746807,1.8772205448324222
1419.8198135,1.857804455091697e-07,6.823386941416703e-08,7.294575102545693e-08,166.24268648123584,166.24268648123584,11.825143032725208,2.718340817810823
1419.82371975,1.8620871366628696e-07,6.823386941416703e-08,7.261059574351542e-08,165.62104726463812,165.62104726463812,10.944148944147258,1.8373467292328733
1419.827626,1.8535316234148105e-07,6.760829753919818e-08,7.227698036021703e-08,164.38698606987384,164.38698606987384,11.696997864945132,2.590195650030747
1419.83153225,1.857804455091697e-07,6.745280276979216e-08,7.177942912713614e-08,163.1650741654364,163.1650741654364,10.78661541688706,1.6798132019726744
1419.8354385,1.8535316234148105e-07,6.729766562843182e-08,7.194489780036998e-08,163.16507416543666,163.16507416543666,11.612618885963485,2.5058166710491
1419.83934475,1.8407720014689544e-07,6.637430704019089e-08,7.079457843841373e-08,161.35462442801227,161.35462442801227,11.078572735621748,1.9717705207073628
1419.843251,1.8407720014689544e-07,6.652731562017406e-08,7.112135136533295e-08,161.95514578315112,161.95514578315112,11.529067427657054,2.422265212742669
1419.84715725,1.832314422371213e-07,6.606934480075964e-08,7.014552984199713e-08,161.354624428012,161.354624428012,10.263341246670706,1.1565390317563207
1419.8510635,1.832314422371213e-07,6.66806769213622e-08,7.095777679633887e-08,163.77452188760628,163.77452188760628,10.825707233236983,1.718905018322598
1419.85496975,1.8155156627731371e-07,6.606934480075964e-08,7.030723198838328e-08,163.77452188760648,163.77452188760648,10.825707233236699,1.7189050183223138
1419.858876,1.8071741260109275e-07,6.516283940608428e-08,6.998419960022746e-08,161.35462442801207,161.35462442801207,12.308480901677314,3.2016786867629285
1419.86278225,1.7947336268325267e-07,6.576578373554199e-08,6.982324040771705e-08,165.62104726463787,165.62104726463787,10.526560580821695,1.4197583659073096
1419.8666885,1.7864875748520516e-07,6.486344335482375e-08,6.950243175887976e-08,163.16507416543584,163.16507416543584,12.027049269543028,2.9202470546286428
1419.87059475,1.7906058540352948e-07,6.501296903430916e-08,6.918309709189362e-08,163.16507416543664,163.16507416543664,10.786615416886747,1.6798132019723617
1419.874501,1.7782794100389227e-07,6.382634861905483e-08,6.839116472814293e-08,160.1623670225633,160.1623670225633,11.812297740852387,2.7054955259380016
1419.87840725,1.7782794100389227e-07,6.412095765851622e-08,6.823386941416703e-08,161.35462442801233,161.35462442801233,10.670487706385273,1.5636854914708884
1419.8823135,1.761976046411629e-07,6.30957344480193e-08,6.745280276979216e-08,159.57059136493442,159.57059136493442,11.364402310306929,2.2576000953925437
1419.88621975,1.7498466886246564e-07,6.28058358813318e-08,6.729766562843182e-08,160.1623670225635,160.1623670225635,11.812297740852415,2.70549552593803
1419.890126,1.7378008287493743e-07,6.251726927756862e-08,6.637430704019089e-08,160.75703813874148,160.75703813874148,10.226472827579784,1.1196706126653986
1419.89403225,1.7298163592151034e-07,6.137620051647946e-08,6.576578373554199e-08,157.23205515620677,157.23205515620677,11.602723872040684,2.495921657126299
1419.8979385,1.7060823890031244e-07,6.095368972401694e-08,6.516283940608428e-08,158.98169162754718,158.98169162754718,11.323735910067398,2.2169336951530134
1419.90184475,1.690440931643265e-07,5.9979107625551e-08,6.426877173170194e-08,157.232055156207,157.232055156207,11.60272387204077,2.4959216571263845
1419.905751,1.7701089583174203e-07,6.516283940608428e-08,6.918309709189362e-08,166.86742657054464,166.86742657054464,10.603456646580526,1.4966544316661405
1419.90965725,1.6826740610704672e-07,5.970352865838366e-08,6.397348354826482e-08,157.23205515620677,157.23205515620677,11.602723872041082,2.495921657126697
1419.9135635,1.6865530253887424e-07,6.039486293763807e-08,6.441692655151775e-08,159.57059136493467,159.57059136493467,10.959763053474234,1.8529608385598486
1419.91746975,1.6943378004473287e-07,6.053408747539135e-08,6.516283940608428e-08,158.98169162754712,158.98169162754712,12.53889508168217,3.4320928667677855
1419.921376,1.6943378004473287e-07,6.123503917247734e-08,6.531305526474716e-08,161.95514578315112,161.95514578315112,11.118565128589921,2.011762913675536
1419.92528225,1.6943378004473287e-07,6.137620051647946e-08,6.561452663029057e-08,162.5586222771845,162.5586222771845,11.570740424065917,2.4639382091515323
1419.9291885,1.7060823890031244e-07,6.109420249055714e-08,6.546361740672747e-08,159.57059136493413,159.57059136493413,11.769974356962194,2.6631721420478094
1419.93309475,1.7060823890031244e-07,6.165950018614822e-08,6.591738952443213e-08,161.95514578315112,161.95514578315112,11.529067427656685,2.4222652127422997
1419.937001,1.6982436524617427e-07,6.151768727098678e-08,6.531305526474716e-08,162.5586222771845,162.5586222771845,10.337622564841439,1.230820349927054
1419.94090725,1.702158508394952e-07,6.208690342300637e-08,6.622165037017616e-08,164.38698606987356,164.38698606987356,11.280516259137102,2.1737140442227165
1419.9448135,1.6943378004473287e-07,6.194410750767812e-08,6.622165037017616e-08,165.0024875270287,165.0024875270287,11.73950124373033,2.6326990288159458
1419.94871975,1.6982436524617427e-07,6.208690342300637e-08,6.637430704019089e-08,165.00248752702916,165.00248752702916,11.73950124373036,2.632699028815974
1419.952626,1.6865530253887424e-07,6.180164001384152e-08,6.591738952443213e-08,165.62104726463764,165.62104726463764,11.362699948069547,2.2558977331551624
1419.95653225,1.690440931643265e-07,6.194410750767812e-08,6.576578373554199e-08,165.62104726463795,165.62104726463795,10.526560580821638,1.4197583659072528
1419.9604385,1.6982436524617427e-07,6.223002851691589e-08,6.622165037017616e-08,165.62104726463815,165.62104726463815,10.944148944147656,1.8373467292332712
1419.96434475,1.6865530253887424e-07,6.151768727098678e-08,6.546361740672747e-08,164.3869860698733,164.3869860698733,10.864992534441882,1.7581903195274968
1419.968251,1.6865530253887424e-07,6.151768727098678e-08,6.576578373554199e-08,164.3869860698733,164.3869860698733,11.696997864945075,2.59019565003069
1419.97215725,1.6865530253887424e-07,6.123503917247734e-08,6.516283940608428e-08,163.1650741654361,163.1650741654361,10.786615416887088,1.6798132019727028
1419.9760635,1.6865530253887424e-07,6.194410750767812e-08,6.606934480075964e-08,166.24268648123507,166.24268648123507,11.404098708699507,2.2972964937851224
1419.97996975,1.6826740610704672e-07,6.208690342300637e-08,6.591738952443213e-08,167.4952891237333,167.4952891237333,10.642192976643742,1.5353907617293565
1419.983876,1.6826740610704672e-07,6.165950018614822e-08,6.576578373554199e-08,165.62104726463815,165.62104726463815,11.362699948069235,2.2558977331548498
1419.98778225,1.674942876026438e-07,6.208690342300637e-08,6.606934480075964e-08,168.76046898738133,168.76046898738133,11.14552092892336,2.0387187140089758
1419.9916885,1.671090614310707e-07,6.223002851691589e-08,6.606934480075964e-08,170.0384028380238,170.0384028380238,10.799091794266985,1.6922895793526003
1419.99559475,1.671090614310707e-07,6.208690342300637e-08,6.622165037017616e-08,169.39783048811924,169.39783048811924,11.614219061480583,2.5074168465661977
1419.999501,1.6557699634695275e-07,6.109420249055714e-08,6.531305526474716e-08,167.495289123733,167.495289123733,11.911641356916817,2.8048391420024323
1420.00340725,1.6672472125510626e-07,6.208690342300637e-08,6.591738952443213e-08,170.03840283802407,170.03840283802407,10.799091794266673,1.6922895793522876
1420.0073135,1.6634126503701698e-07,6.137620051647946e-08,6.531305526474716e-08,167.4952891237333,167.4952891237333,11.06436847387198,1.9575662589575948
1420.01121975,1.6595869074375615e-07,6.180164001384152e-08,6.576578373554199e-08,170.0384028380235,170.0384028380235,11.227491463194553,2.1206892482801685
1420.015126,1.6672472125510626e-07,6.165950018614822e-08,6.576578373554199e-08,168.12629593169822,168.12629593169822,11.529539792012685,2.4227375770982995
1420.01903225,1.6557699634695275e-07,6.123503917247734e-08,6.486344335482375e-08,168.12629593169822,168.12629593169822,10.258377960098642,1.1515757451842568
1420.0229385,1.6330519478943344e-07,6.039486293763807e-08,6.456542290346562e-08,168.12629593169856,168.12629593169856,11.955215455829489,2.8484132409151037
1420.02684475,1.6255487557504835e-07,5.9979107625551e-08,6.397348354826482e-08,167.49528912373356,167.49528912373356,11.487517186132322,2.3807149712179374
1420.030751,1.6443717232149307e-07,6.067363295885046e-08,6.471426157485831e-08,167.495289123733,167.495289123733,11.487517186132692,2.380714971218307
1420.03465725,1.6255487557504835e-07,6.011737374832779e-08,6.412095765851622e-08,168.12629593169817,168.12629593169817,11.52953979201311,2.422737577098726
1420.0385635,1.6292960326397213e-07,5.9979107625551e-08,6.382634861905483e-08,166.86742657054486,166.86742657054486,11.024095474680479,1.9172932597660939
1420.04246975,1.6368165214278085e-07,6.095368972401694e-08,6.441692655151775e-08,170.03840283802407,170.03840283802407,9.945246065993473,0.8384438510790879
1420.046376,1.6405897731995388e-07,6.095368972401694e-08,6.486344335482375e-08,169.3978304881193,169.3978304881193,11.186403219280265,2.0796010043658804
1420.05028225,1.6443717232149307e-07,6.109420249055714e-08,6.486344335482375e-08,169.39783048811898,169.39783048811898,10.759571326213148,1.6527691112987632
1420.0541885,1.6368165214278085e-07,6.081350012787188e-08,6.441692655151775e-08,169.3978304881195,169.3978304881195,10.333721119258229,1.2269189043438438
1420.05809475,1.6368165214278085e-07,6.137620051647946e-08,6.516283940608428e-08,171.97961217647006,171.97961217647006,10.918855786041405,1.81205357112702
1420.062001,1.6255487557504835e-07,6.011737374832779e-08,6.412095765851622e-08,168.12629593169817,168.12629593169817,11.52953979201311,2.422737577098726
1420.06590725,1.6405897731995388e-07,6.123503917247734e-08,6.516283940608428e-08,170.68220865040016,170.68220865040016,11.268787111150772,2.161984896236387
1420.0698135,1.6368165214278085e-07,6.039486293763807e-08,6.441692655151775e-08,167.49528912373358,167.49528912373358,11.487517186132322,2.3807149712179374
1420.07371975,1.6443717232149307e-07,6.095368972401694e-08,6.516283940608428e-08,168.76046898738159,168.76046898738159,11.999008199596034,2.892205984681649
1420.077626,1.6255487557504835e-07,6.067363295885046e-08,6.441692655151775e-08,170.68220865039984,170.68220865039984,10.838811752589322,1.7320095376749371
1420.08153225,1.6368165214278085e-07,6.095368972401694e-08,6.501296903430916e-08,170.03840283802407,170.03840283802407,11.656878695351963,2.5500764804375784
1420.0854385,1.6443717232149307e-07,6.095368972401694e-08,6.501296903430916e-08,168.76046898738159,168.76046898738159,11.571773257710362,2.464971042795977
1420.08934475,1.6368165214278085e-07,6.053408747539135e-08,6.397348354826482e-08,168.12629593169817,168.12629593169817,9.836604914225859,0.7298026993114739
1420.093251,1.6330519478943344e-07,6.011737374832779e-08,6.412095765851622e-08,166.8674265705443,166.8674265705443,11.445703975424664,2.3389017605102786
1420.09715725,1.6330519478943344e-07,6.053408747539135e-08,6.426877173170194e-08,168.76046898738133,168.76046898738133,10.720248953288149,1.6134467383737636
1420.1010635,1.6405897731995388e-07,6.081350012787188e-08,6.486344335482375e-08,168.76046898738187,168.76046898738187,11.571773257709566,2.464971042795181
1420.10496975,1.6443717232149307e-07,6.109420249055714e-08,6.501296903430916e-08,169.39783048811898,169.39783048811898,11.186403219281033,2.0796010043666477
1420.108876,1.6405897731995388e-07,6.067363295885046e-08,6.471426157485831e-08,168.1262959316979,168.1262959316979,11.529539792013054,2.422737577098669
1420.11278225,1.6481623915255085e-07,6.165950018614822e-08,6.516283940608428e-08,171.32927075019234,171.32927075019234,10.018589965486768,0.9117877505723833
1420.1166885,1.6481623915255085e-07,6.123503917247734e-08,6.516283940608428e-08,169.397830488119,169.397830488119,11.186403219280663,2.0796010043662783
1420.12059475,1.6557699634695275e-07,6.123503917247734e-08,6.546361740672747e-08,168.12629593169822,168.12629593169822,11.955215455829517,2.848413240915132
1420.124501,1.651961798229015e-07,6.053408747539135e-08,6.456542290346562e-08,165.62104726463815,165.62104726463815,11.362699948069604,2.2558977331552192
1420.12840725,1.6557699634695275e-07,6.137620051647946e-08,6.531305526474716e-08,168.76046898738159,168.76046898738159,11.14552092892302,2.0387187140086347
1420.1323135,1.6557699634695275e-07,6.109420249055714e-08,6.501296903430916e-08,167.495289123733,167.495289123733,11.06436847387269,1.9575662589583054
1420.13621975,1.6557699634695275e-07,6.039486293763807e-08,6.426877173170194e-08,164.38698606987413,164.38698606987413,10.86499253444157,1.7581903195271842
1420.140126,1.6557699634695275e-07,5.9979107625551e-08,6.412095765851622e-08,162.55862227718472,162.55862227718472,11.570740424065974,2.463938209151589
1420.14403225,1.6481623915255085e-07,5.970352865838366e-08,6.324118513762196e-08,162.55862227718424,162.55862227718424,9.928472555497507,0.8216703405831218
1420.1479385,1.6405897731995388e-07,5.984115950603198e-08,6.367955209079162e-08,164.38698606987379,164.38698606987379,10.864992534441967,1.758190319527582
1420.15184475,1.6368165214278085e-07,5.942921586155727e-08,6.295061828571981e-08,163.16507416543638,163.16507416543638,9.964407089017328,0.8576048741029432
1420.155751,1.6788040181225607e-07,6.137620051647946e-08,6.516283940608428e-08,165.0024875270289,165.0024875270289,10.488398193149209,1.3815959782348237
1420.15965725,1.651961798229015e-07,5.929253245799994e-08,6.324118513762196e-08,160.16236702256327,160.16236702256327,10.999173016911072,1.8923708019966874
1420.1635635,1.6634126503701698e-07,5.984115950603198e-08,6.382634861905483e-08,160.7570381387411,160.7570381387411,11.038775806655934,1.9319735917415493
1420.16746975,1.671090614310707e-07,6.011737374832779e-08,6.397348354826482e-08,160.7570381387411,160.7570381387411,10.632156718141971,1.525354503227586
1420.171376,1.6788040181225607e-07,6.123503917247734e-08,6.471426157485831e-08,164.3869860698736,164.3869860698736,9.6241466416989,0.5173444267845149
1420.17528225,1.6943378004473287e-07,6.165950018614822e-08,6.531305526474716e-08,163.77452188760648,163.77452188760648,10.000519136856383,0.8937169219419978
1420.1791885,1.7060823890031244e-07,6.237348354824192e-08,6.637430704019089e-08,165.0024875270287,165.0024875270287,10.904472655625284,1.797670440710899
1420.18309475,1.7179083871575893e-07,6.295061828571981e-08,6.683439175686149e-08,165.6210472646382,165.6210472646382,10.526560580821695,1.4197583659073096
1420.187001,1.7060823890031244e-07,6.208690342300637e-08,6.606934480075964e-08,163.77452188760648,163.77452188760648,10.82570723323704,1.7189050183226549
1420.19090725,1.7179083871575893e-07,6.30957344480193e-08,6.698846094165258e-08,166.24268648123507,166.24268648123507,10.564912958666213,1.4581107437518277
1420.1948135,1.7179083871575893e-07,6.324118513762196e-08,6.698846094165258e-08,166.86742657054427,166.86742657054427,10.18378526093872,1.0769830460243348
1420.19871975,1.7218685749860061e-07,6.353309318517436e-08,6.776415076106757e-08,167.4952891237333,167.4952891237333,11.48751718613272,2.3807149712183353
1420.202626,1.7179083871575893e-07,6.30957344480193e-08,6.683439175686149e-08,166.24268648123507,166.24268648123507,10.146767083379899,1.039964868465514
1420.20653225,1.7179083871575893e-07,6.353309318517436e-08,6.745280276979216e-08,168.1262959316979,168.1262959316979,10.681123293257315,1.5743210783429298
1420.2104385,1.7218685749860061e-07,6.382634861905483e-08,6.776415076106757e-08,168.7604689873814,168.7604689873814,10.720248953288461,1.6134467383740763
1420.21434475,1.7298163592151034e-07,6.353309318517436e-08,6.745280276979216e-08,166.24268648123498,166.24268648123498,10.564912958666241,1.4581107437518561
1420.218251,1.7179083871575893e-07,6.30957344480193e-08,6.714288529259522e-08,166.24268648123507,166.24268648123507,10.98402275974675,1.8772205448323653
1420.22215725,1.7298163592151034e-07,6.367955209079162e-08,6.760829753919818e-08,166.8674265705443,166.8674265705443,10.603456646580526,1.4966544316661405
1420.2260635,1.7378008287493743e-07,6.426877173170194e-08,6.823386941416703e-08,168.12629593169822,168.12629593169822,10.681123293257684,1.5743210783432993
1420.22996975,1.7298163592151034e-07,6.456542290346562e-08,6.854882264526621e-08,170.6822086504001,170.6822086504001,10.838811752588981,1.732009537674596
1420.233876,1.7378008287493743e-07,6.456542290346562e-08,6.886522963442761e-08,169.39783048811955,169.39783048811955,11.614219061480583,2.5074168465661977
1420.23778225,1.7579236139586932e-07,6.501296903430916e-08,6.918309709189362e-08,168.12629593169848,168.12629593169848,11.104843155054908,1.9980409401405232
1420.2416885,1.7418068733916128e-07,6.441692655151775e-08,6.870684400142317e-08,168.12629593169848,168.12629593169848,11.529539792012713,2.422737577098328
1420.24559475,1.7579236139586932e-07,6.516283940608428e-08,6.950243175887976e-08,168.76046898738133,168.76046898738133,11.571773257710305,2.46497104279592
1420.249501,1.7378008287493743e-07,6.426877173170194e-08,6.870684400142317e-08,168.12629593169822,168.12629593169822,11.955215455829546,2.8484132409151606
1420.25340725,1.7660378206861638e-07,6.546361740672747e-08,6.966265141107687e-08,168.76046898738133,168.76046898738133,11.14552092892336,2.0387187140089758
1420.2573135,1.7579236139586932e-07,6.441692655151775e-08,6.93425806016568e-08,165.62104726463812,165.62104726463812,13.046574828836384,3.939772613921999
1420.26121975,1.761976046411629e-07,6.546361740672747e-08,6.998419960022746e-08,169.397830488119,169.397830488119,12.04302112105097,2.9362189061365846
1420.265126,1.7660378206861638e-07,6.591738952443213e-08,7.014552984199713e-08,170.68220865040016,170.68220865040016,11.268787111150772,2.161984896236387
1420.26903225,1.7741894808901663e-07,6.561452663029057e-08,6.982324040771705e-08,168.12629593169817,168.12629593169817,11.104843155054965,1.99804094014058
1420.2729385,1.7458221529205038e-07,6.471426157485831e-08,6.950243175887976e-08,168.7604689873814,168.7604689873814,12.856434988515645,3.7496327736012596
1420.27684475,1.761976046411629e-07,6.471426157485831e-08,6.950243175887976e-08,166.24268648123538,166.24268648123538,12.670145740482866,3.563343525568481
1420.280751,1.7701089583174203e-07,6.546361740672747e-08,6.998419960022746e-08,168.12629593169817,168.12629593169817,11.955215455829943,2.8484132409155585
1420.28465725,1.7579236139586932e-07,6.486344335482375e-08,6.93425806016568e-08,167.49528912373273,167.49528912373273,11.911641356916789,2.804839142002404
1420.2885635,1.7741894808901663e-07,6.531305526474716e-08,7.030723198838328e-08,166.86742657054404,166.86742657054404,13.14187948872663,4.035077273812245
1420.29246975,1.7906058540352948e-07,6.591738952443213e-08,7.079457843841373e-08,166.8674265705443,166.8674265705443,12.716369892556486,3.609567677642101
1420.296376,1.8071741260109275e-07,6.683439175686149e-08,7.161434102129012e-08,168.12629593169822,168.12629593169822,12.381872403394993,3.2750701884806084
1420.30028225,1.7988709151287873e-07,6.683439175686149e-08,7.177942912713614e-08,169.3978304881193,169.3978304881193,12.903592991403826,3.7967907764894413
1420.3041885,1.7906058540352948e-07,6.637430704019089e-08,7.161434102129012e-08,168.76046898738133,168.76046898738133,13.717819479671334,4.611017264756949
1420.30809475,1.8113400926196026e-07,6.698846094165258e-08,7.227698036021703e-08,168.1262959316979,168.1262959316979,13.667753595599066,4.560951380684681
1420.312001,1.7947336268325267e-07,6.561452663029057e-08,7.144963260755134e-08,165.0024875270289,165.0024875270289,15.118337082694495,6.01153486778011
1420.31590725,1.8071741260109275e-07,6.714288529259522e-08,7.261059574351542e-08,169.39783048811898,169.39783048811898,14.20190443443542,5.095102219521035
1420.3198135,1.8113400926196026e-07,6.714288529259522e-08,7.211074791828991e-08,168.76046898738133,168.76046898738133,12.856434988515304,3.7496327736009185
1420.32371975,1.8197008586099845e-07,6.698846094165258e-08,7.244359600749906e-08,166.867426570544,166.867426570544,13.995843645047927,4.889041430133542
1420.327626,1.8238957023196385e-07,6.66806769213622e-08,7.261059574351542e-08,165.0024875270287,165.0024875270287,15.11833708269441,6.011534867780025
1420.33153225,1.828100216142741e-07,6.683439175686149e-08,7.227698036021703e-08,165.0024875270292,165.0024875270292,13.843974289804322,4.737172074889937
1420.3354385,1.8197008586099845e-07,6.698846094165258e-08,7.261059574351542e-08,166.867426570544,166.867426570544,14.42430273283162,5.317500517917235
1420.33934475,1.8155156627731371e-07,6.652731562017406e-08,7.177942912713614e-08,165.6210472646376,165.6210472646376,13.469972424963942,4.363170210049557
1420.343251,1.8071741260109275e-07,6.576578373554199e-08,7.128530301265191e-08,163.77452188760623,163.77452188760623,14.164724787430941,5.057922572516556
1420.34715725,1.8113400926196026e-07,6.637430704019089e-08,7.211074791828991e-08,165.62104726463815,165.62104726463815,14.746030412043012,5.639228197128627
1420.3510635,1.8155156627731371e-07,6.714288529259522e-08,7.277798045368243e-08,168.12629593169788,168.12629593169788,14.529955753469125,5.42315353855474
1420.35496975,1.8113400926196026e-07,6.66806769213622e-08,7.227698036021703e-08,166.86742657054435,166.86742657054435,14.424302732831649,5.317500517917264
1420.358876,1.8113400926196026e-07,6.652731562017406e-08,7.227698036021703e-08,166.24268648123507,166.24268648123507,14.799755969002575,5.69295375408819
1420.36278225,1.8113400926196026e-07,6.637430704019089e-08,7.261059574351542e-08,165.62104726463815,165.62104726463815,16.030933610524414,6.924131395610029
1420.3666885,1.8155156627731371e-07,6.66806769213622e-08,7.277798045368243e-08,166.24268648123507,166.24268648123507,15.658488866233142,6.551686651318757
1420.37059475,1.8155156627731371e-07,6.714288529259522e-08,7.311390834834173e-08,168.12629593169788,168.12629593169788,15.396137655677535,6.28933544076315
1420.374501,1.7906058540352948e-07,6.501296903430916e-08,7.128530301265191e-08,163.16507416543664,163.16507416543664,16.224263009765878,7.1174607948514925
1420.37840725,1.8071741260109275e-07,6.637430704019089e-08,7.261059574351542e-08,166.24268648123532,166.24268648123532,16.089340572448123,6.982538357533738
1420.3823135,1.7947336268325267e-07,6.576578373554199e-08,7.244359600749906e-08,165.62104726463787,165.62104726463787,17.324743332484786,8.217941117570401
1420.38621975,1.7947336268325267e-07,6.561452663029057e-08,7.244359600749906e-08,165.0024875270289,165.0024875270289,17.69362428173264,8.586822066818254
1420.390126,1.7782794100389227e-07,6.471426157485831e-08,7.161434102129012e-08,163.7745218876065,163.7745218876065,17.995378162677923,8.888575947763538
1420.39403225,1.7906058540352948e-07,6.501296903430916e-08,7.211074791828991e-08,163.16507416543664,163.16507416543664,18.359390905599128,9.252588690684743
1420.3979385,1.7701089583174203e-07,6.382634861905483e-08,7.128530301265191e-08,161.35462442801204,161.35462442801204,19.44074169397294,10.333939479058554
1420.40184475,1.7579236139586932e-07,6.412095765851622e-08,7.128530301265191e-08,164.38698606987384,164.38698606987384,18.925900532609575,9.81909831769519
1420.405751,1.7538805018417602e-07,6.412095765851622e-08,7.161434102129012e-08,165.0024875270292,165.0024875270292,19.8670428231826,10.760240608268216
1420.40965725,1.7538805018417602e-07,6.412095765851622e-08,7.161434102129012e-08,165.0024875270292,165.0024875270292,19.8670428231826,10.760240608268216
1420.4135635,1.7660378206861638e-07,6.397348354826482e-08,7.194489780036998e-08,162.5586222771845,162.5586222771845,20.87863776678273,11.771835551868346
1420.41746975,1.7782794100389227e-07,6.531305526474716e-08,7.328245331389045e-08,166.24268648123507,166.24268648123507,20.89476791495636,11.787965700041976
1420.421376,1.7741894808901663e-07,6.486344335482375e-08,7.294575102545693e-08,165.00248752702836,165.00248752702836,21.183155532618514,12.076353317704129
1420.42528225,1.7906058540352948e-07,6.576578373554199e-08,7.447319739059889e-08,166.24268648123498,166.24268648123498,22.672593891548274,13.56579167663389
1420.4291885,1.7906058540352948e-07,6.546361740672747e-08,7.430191378967021e-08,165.00248752702865,165.00248752702865,22.95217450734694,13.845372292432554
1420.43309475,1.8071741260109275e-07,6.652731562017406e-08,7.568328950209735e-08,166.86742657054404,166.86742657054404,23.653647440361794,14.54684522544741
1420.437001,1.7906058540352948e-07,6.501296903430916e-08,7.481695005111553e-08,163.16507416543664,163.16507416543664,25.359358591017724,16.25255637610334
1420.44090725,1.8030177408595698e-07,6.66806769213622e-08,7.65596606911257e-08,168.12629593169797,168.12629593169797,25.649287718622332,16.542485503707947
1420.4448135,1.8113400926196026e-07,6.637430704019089e-08,7.673614893618186e-08,165.62104726463815,165.62104726463815,26.636034253646613,17.52923203873223
1420.44871975,1.8113400926196026e-07,6.66806769213622e-08,7.762471166286912e-08,166.86742657054435,166.86742657054435,28.2079183080225,19.101116093108114
1420.452626,1.8071741260109275e-07,6.652731562017406e-08,7.798301105232594e-08,166.86742657054404,166.86742657054404,29.594774344131707,20.487972129217322
1420.45653225,1.8030177408595698e-07,6.637430704019089e-08,7.83429642766212e-08,166.8674265705443,166.8674265705443,30.9912436070276,21.884441392113214
1420.4604385,1.8238957023196385e-07,6.683439175686149e-08,7.943282347242822e-08,165.62104726463815,165.62104726463815,32.16244745702119,23.055645242106802
1420.46434475,1.8030177408595698e-07,6.606934480075964e-08,7.925013304804718e-08,165.62104726463815,165.62104726463815,34.03878003191247,24.93197781699808
1420.468251,1.7988709151287873e-07,6.576578373554199e-08,7.906786279998246e-08,165.00248752702865,165.00248752702865,34.38545702320826,25.278654808293876
1420.47215725,1.8113400926196026e-07,6.622165037017616e-08,8.053784411990676e-08,165.00248752702865,165.00248752702865,36.75215787840273,27.645355663488342
1420.4760635,1.8197008586099845e-07,6.698846094165258e-08,8.203515443298177e-08,166.867426570544,166.867426570544,38.604208133740514,29.49740591882613
1420.47996975,1.8238957023196385e-07,6.66806769213622e-08,8.298507675144218e-08,165.0024875270287,165.0024875270287,41.56809223784103,32.46129002292665
1420.483876,1.7988709151287873e-07,6.66806769213622e-08,8.375292821268826e-08,168.7604689873814,168.7604689873814,44.48788656644376,35.38108435152938
1420.48778225,1.8071741260109275e-07,6.698846094165258e-08,8.531001140175895e-08,168.76046898738105,168.76046898738105,47.52402362694906,38.41722141203468
1420.4916885,1.8030177408595698e-07,6.698846094165258e-08,8.609937521846017e-08,169.39783048811867,169.39783048811867,49.75337456136867,40.64657234645429
1420.49559475,1.8030177408595698e-07,6.683439175686149e-08,8.709635899560796e-08,168.7604689873814,168.7604689873814,52.67840160526467,43.571599390350286
1420.499501,1.7864875748520516e-07,6.591738952443213e-08,8.709635899560796e-08,167.495289123733,167.495289123733,55.42198331320617,46.31518109829179
1420.50340725,1.7947336268325267e-07,6.652731562017406e-08,8.994975815300346e-08,168.760468987381,168.760468987381,61.176293698227084,52.0694914833127
1420.5073135,1.7864875748520516e-07,6.606934480075964e-08,9.099132726322526e-08,168.12629593169817,168.12629593169817,65.30487813997226,56.19807592505788
1420.51121975,1.7947336268325267e-07,6.652731562017406e-08,9.354056741475521e-08,168.760468987381,168.760468987381,70.55500822397912,61.448206009064734
1420.515126,1.782378767448089e-07,6.637430704019089e-08,9.594006315159337e-08,170.03840283802407,170.03840283802407,77.96906603190288,68.8622638169885
1420.51903225,1.7782794100389227e-07,6.561452663029057e-08,9.749896377173867e-08,167.49528912373333,167.49528912373333,83.82160911182413,74.71480689690975
1420.5229385,1.7660378206861638e-07,6.486344335482375e-08,1.0000000000000001e-07,166.24268648123513,166.24268648123513,92.76224083118484,83.65543861627046
1420.52684475,1.7579236139586932e-07,6.382634861905483e-08,1.0162486928706959e-07,163.1650741654361,163.1650741654361,99.58882450597875,90.48202229106437
1420.530751,1.761976046411629e-07,6.456542290346562e-08,1.0616955571987242e-07,165.6210472646385,165.6210472646385,109.94337824265097,100.83657602773658
1420.53465725,1.7498466886246564e-07,6.441692655151775e-08,1.0789467222298286e-07,166.86742657054464,166.86742657054464,116.00069518478574,106.89389296987136
1420.5385635,1.7378008287493743e-07,6.412095765851622e-08,1.0990058394325198e-07,167.49528912373364,167.49528912373364,123.15427218066765,114.04746996575327
1420.54246975,1.761976046411629e-07,6.456542290346562e-08,1.1324003632355567e-07,165.6210472646385,165.6210472646385,128.62788073663205,119.52107852171767
1420.546376,1.7498466886246564e-07,6.501296903430916e-08,1.1508003889444357e-07,169.39783048811955,169.39783048811955,134.3053315700235,125.19852935510912
1420.55028225,1.7418068733916128e-07,6.486344335482375e-08,1.1614486138403425e-07,170.0384028380238,170.0384028380238,138.38638596473,129.27958374981563
1420.5541885,1.7338039977541374e-07,6.412095765851622e-08,1.1508003889444357e-07,168.1262959316985,168.1262959316985,137.5892890658797,128.48248685096533
1420.55809475,1.7418068733916128e-07,6.471426157485831e-08,1.1587773561551263e-07,169.3978304881193,169.3978304881193,137.87994571496213,128.77314350004775
1420.562001,1.7218685749860061e-07,6.324118513762196e-08,1.1324003632355567e-07,166.24268648123555,166.24268648123555,135.3854703927952,126.27866817788083
1420.56590725,1.7298163592151034e-07,6.456542290346562e-08,1.1428783347897712e-07,170.6822086504001,170.6822086504001,135.294442698663,126.18764048374862
1420.5698135,1.7218685749860061e-07,6.353309318517436e-08,1.1297959146727976e-07,167.4952891237333,167.4952891237333,134.24953185371254,125.14272963879816
1420.57371975,1.7298163592151034e-07,6.412095765851622e-08,1.1402497875611685e-07,168.76046898738133,168.76046898738133,135.23419529158537,126.12739307667098
1420.577626,1.713957307508427e-07,6.382634861905483e-08,1.1271974561755118e-07,170.03840283802353,170.03840283802353,134.08603664642706,124.97923443151268
1420.58153225,1.7218685749860061e-07,6.353309318517436e-08,1.122018454301963e-07,167.4952891237333,167.4952891237333,132.1379153589744,123.03111314406001
1420.5854385,1.6982436524617427e-07,6.30957344480193e-08,1.1142945335917293e-07,169.39783048811924,169.39783048811924,133.59533399951388,124.4885317845995
1420.58934475,1.6982436524617427e-07,6.26613864672335e-08,1.0939563662720942e-07,167.49528912373333,167.49528912373333,128.65080790290781,119.54400568799343
1420.593251,1.6865530253887424e-07,6.208690342300637e-08,1.0715193052376059e-07,166.8674265705443,166.8674265705443,124.74789060374474,115.64108838883035
1420.59715725,1.6865530253887424e-07,6.251726927756862e-08,1.0592537251772887e-07,168.76046898738133,168.76046898738133,120.64846184139435,111.54165962647997
1420.6010635,1.6865530253887424e-07,6.251726927756862e-08,1.0447202192207993e-07,168.76046898738133,168.76046898738133,116.60901987565796,107.50221766074358
1420.60496975,1.6788040181225607e-07,6.237348354824192e-08,1.0280162981264725e-07,169.397830488119,169.397830488119,113.0381148860391,103.93131267112472
1420.608876,1.674942876026438e-07,6.208690342300637e-08,9.977000638225546e-08,168.76046898738133,168.76046898738133,105.46239677130671,96.35559455639233
1420.61278225,1.6826740610704672e-07,6.251726927756862e-08,9.931160484209334e-08,169.3978304881193,169.3978304881193,102.64127609628892,93.53447388137454
1420.6166885,1.671090614310707e-07,6.223002851691589e-08,9.660508789898141e-08,170.0384028380238,170.0384028380238,96.68893997153467,87.58213775662028
1420.62059475,1.6634126503701698e-07,6.180164001384152e-08,9.484184633008979e-08,169.39783048811867,169.39783048811867,93.23604194230128,84.1292397273869
1420.624501,1.651961798229015e-07,6.095368972401694e-08,9.204495717531722e-08,167.49528912373333,167.49528912373333,87.98642366882333,78.87962145390895
1420.62840725,1.6481623915255085e-07,6.165950018614822e-08,9.141132414702508e-08,171.32927075019234,171.32927075019234,85.08206207756535,75.97525986265097
1420.6323135,1.6481623915255085e-07,6.081350012787188e-08,8.912509381337459e-08,167.49528912373356,167.49528912373356,80.30480942661958,71.1980072117052
1420.63621975,1.6292960326397213e-07,6.025595860743569e-08,8.669618757582179e-08,168.12629593169797,168.12629593169797,75.96757251353054,66.86077029861616
1420.640126,1.6180800376430679e-07,5.9979107625551e-08,8.511380382023759e-08,168.7604689873813,168.7604689873813,72.81563150138595,63.70882928647157
1420.64403225,1.6143585568264852e-07,5.9020108017184416e-08,8.298507675144218e-08,165.00248752702896,165.00248752702896,69.02908915627651,59.92228694136213
1420.6479385,1.606941253012879e-07,5.8748935252977694e-08,8.165823713585923e-08,165.00248752702865,165.00248752702865,66.29291732397994,57.186115109065554
1420.65184475,1.5885467485977776e-07,5.82103217770871e-08,7.97994687267977e-08,165.62104726463815,165.62104726463815,63.280235354406244,54.17343313949186
1420.655751,1.6143585568264852e-07,6.011737374832779e-08,8.184647881347904e-08,170.03840283802407,170.03840283802407,63.26669993313686,54.15989771822248
1420.65965725,1.5812480392703843e-07,5.794286964268809e-08,7.798301105232594e-08,165.62104726463787,165.62104726463787,59.01105581634462,49.90425360143024
1420.6635635,1.5885467485977776e-07,5.82103217770871e-08,7.798301105232594e-08,165.62104726463815,165.62104726463815,57.95599213999657,48.849189925082186
1420.66746975,1.5922087270511716e-07,5.834451042737448e-08,7.744617978025191e-08,165.6210472646379,165.6210472646379,55.86038524648649,46.753583031572106
1420.671376,1.5885467485977776e-07,5.9020108017184416e-08,7.726805850957022e-08,169.39783048811924,169.39783048811924,53.92065659724133,44.81385438232695
1420.67528225,1.5958791472367336e-07,5.888436553555896e-08,7.726805850957022e-08,167.49528912373333,167.49528912373333,53.8530118457175,44.74620963080312
1420.6791885,1.60324539069004e-07,5.970352865838366e-08,7.726805850957022e-08,170.03840283802407,170.03840283802407,51.49557020899417,42.388767994079785
1420.68309475,1.606941253012879e-07,5.9979107625551e-08,7.726805850957022e-08,170.6822086504001,170.6822086504001,50.64031788393717,41.53351566902279
1420.687001,1.599558028614668e-07,5.9020108017184416e-08,7.533555637337184e-08,167.4952891237333,167.4952891237333,47.68439225093354,38.57759003601916
1420.69090725,1.5922087270511716e-07,5.984115950603198e-08,7.568328950209735e-08,172.63325618494477,172.63325618494477,47.025979431809276,37.919177216894894
1420.6948135,1.599558028614668e-07,5.95662143529011e-08,7.516228940182045e-08,170.03840283802435,170.03840283802435,45.82987347376809,36.72307125885371
1420.69871975,1.606941253012879e-07,6.011737374832779e-08,7.481695005111553e-08,171.32927075019202,171.32927075019202,43.115083181414946,34.008280966500564
1420.702626,1.5885467485977776e-07,5.9156163417547425e-08,7.345138681571143e-08,170.0384028380243,170.0384028380243,42.29843396309829,33.19163174818391
1420.70653225,1.5958791472367336e-07,5.95662143529011e-08,7.328245331389045e-08,170.6822086504002,170.6822086504002,40.45412623953192,31.34732402461753
1420.7104385,1.5922087270511716e-07,5.95662143529011e-08,7.277798045368243e-08,171.32927075019234,171.32927075019234,39.109772329512225,30.00297011459784
1420.71434475,1.584893192461114e-07,5.9020108017184416e-08,7.194489780036998e-08,170.0384028380238,170.0384028380238,38.33158963394817,29.224787419033785
1420.718251,1.57398286446622e-07,5.888436553555896e-08,7.095777679633887e-08,171.32927075019262,171.32927075019262,36.15383784333875,27.047035628424364
1420.72215725,1.5885467485977776e-07,5.942921586155727e-08,7.112135136533295e-08,171.32927075019262,171.32927075019262,34.69111441241182,25.584312197497436
1420.7260635,1.6634126503701698e-07,6.637430704019089e-08,7.65596606911257e-08,190.86892478490728,190.86892478490728,30.05672461415864,20.949922399244254
1420.72996975,1.6143585568264852e-07,6.223002851691589e-08,7.261059574351542e-08,180.0481865528087,180.0481865528087,30.867817136699614,21.76101492178523
1420.733876,1.5885467485977776e-07,5.942921586155727e-08,7.014552984199713e-08,171.32927075019262,171.32927075019262,31.795806185680647,22.68900397076626
1420.73778225,1.584893192461114e-07,5.95662143529011e-08,6.982324040771705e-08,172.63325618494508,172.63325618494508,30.587623482270885,21.4808212673565
1420.7416885,1.5812480392703843e-07,5.9020108017184416e-08,6.870684400142317e-08,170.68220865039984,170.68220865039984,28.834023343855506,19.72722112894112
1420.74559475,1.584893192461114e-07,5.929253245799994e-08,6.93425806016568e-08,171.3292707501921,171.3292707501921,29.8877040111353,20.780901796220913
1420.749501,1.57398286446622e-07,5.847900841444812e-08,6.776415076106757e-08,169.39783048811924,169.39783048811924,27.69042644409339,18.583624229179005
1420.75340725,1.5885467485977776e-07,5.942921586155727e-08,6.870684400142317e-08,171.32927075019262,171.32927075019262,27.527157820910105,18.42035560599572
1420.7573135,1.5776112696993466e-07,5.8748935252977694e-08,6.776415076106757e-08,170.03840283802444,170.03840283802444,26.860213159295682,17.753410944381297
1420.76121975,1.5776112696993466e-07,5.9020108017184416e-08,6.760829753919818e-08,171.32927075019265,171.32927075019265,25.658190849806857,16.551388634892472
1420.765126,1.584893192461114e-07,5.888436553555896e-08,6.729766562843182e-08,169.3978304881193,169.3978304881193,24.917671611091293,15.810869396176908
1420.76903225,1.5776112696993466e-07,5.9156163417547425e-08,6.66806769213622e-08,171.97961217647037,171.97961217647037,22.511356463775286,13.4045542488609
1420.7729385,1.5703628043335533e-07,5.807644175213124e-08,6.576578373554199e-08,168.12629593169817,168.12629593169817,22.921984466983105,13.81518225206872
1420.77684475,1.57398286446622e-07,5.807644175213124e-08,6.546361740672747e-08,167.4952891237333,167.4952891237333,21.940961978797816,12.83415976388343
1420.780751,1.5812480392703843e-07,5.888436553555896e-08,6.591738952443213e-08,170.03840283802407,170.03840283802407,20.906216360444006,11.79941414552962
1420.78465725,1.56675107010815e-07,5.780960474057175e-08,6.471426157485831e-08,167.49528912373273,167.49528912373273,20.602472240993194,11.495670026078809
1420.7885635,1.5776112696993466e-07,5.82103217770871e-08,6.516283940608428e-08,167.49528912373333,167.49528912373333,20.602472240993222,11.495670026078837
1420.79246975,1.5885467485977776e-07,5.888436553555896e-08,6.576578373554199e-08,168.76046898738187,168.76046898738187,20.306212741738506,11.19941052682412
1420.796376,1.5958791472367336e-07,5.970352865838366e-08,6.637430704019089e-08,171.32927075019208,171.32927075019208,19.701573991222432,10.594771776308047
1420.80028225,1.5958791472367336e-07,6.109420249055714e-08,6.606934480075964e-08,177.9841654466001,177.9841654466001,14.901123617272589,5.794321402358204
1420.8041885,1.5958791472367336e-07,5.929253245799994e-08,6.561452663029057e-08,169.39783048811873,169.39783048811873,18.594956604139043,9.488154389224658
1420.80809475,1.599558028614668e-07,5.984115950603198e-08,6.561452663029057e-08,171.32927075019262,171.32927075019262,17.01192996922188,7.905127754307497
1420.812001,1.5922087270511716e-07,5.9020108017184416e-08,6.486344335482375e-08,168.76046898738105,168.76046898738105,17.203301092283994,8.096498877369608
1420.81590725,1.599558028614668e-07,5.95662143529011e-08,6.591738952443213e-08,170.03840283802435,170.03840283802435,18.663256851997062,9.556454637082677
1420.8198135,1.606941253012879e-07,5.9979107625551e-08,6.561452663029057e-08,170.6822086504001,170.6822086504001,16.506461943447277,7.3996597285328924
1420.82371975,1.6106456351782697e-07,5.970352865838366e-08,6.576578373554199e-08,168.7604689873814,168.7604689873814,17.643518046571046,8.536715831656661
1420.827626,1.6143585568264852e-07,5.95662143529011e-08,6.546361740672747e-08,167.49528912373364,167.49528912373364,17.0780408978504,7.971238682936015
1420.83153225,1.6180800376430679e-07,5.929253245799994e-08,6.561452663029057e-08,165.62104726463764,165.62104726463764,18.192261685588107,9.085459470673722
1420.8354385,1.6143585568264852e-07,5.970352865838366e-08,6.516283940608428e-08,168.12629593169822,168.12629593169822,15.830726748121606,6.723924533207221
1420.83934475,1.6180800376430679e-07,5.861381645140285e-08,6.471426157485831e-08,162.55862227718396,162.55862227718396,17.43927015930217,8.332467944387783
1420.843251,1.6180800376430679e-07,5.9156163417547425e-08,6.486344335482375e-08,165.00248752702856,165.00248752702856,16.40153333646171,7.294731121547326
1420.84715725,1.6143585568264852e-07,5.8748935252977694e-08,6.456542290346562e-08,163.77452188760685,163.77452188760685,16.70966321430504,7.6028609993906535
1420.8510635,1.6180800376430679e-07,5.970352865838366e-08,6.516283940608428e-08,167.49528912373273,167.49528912373273,15.773027273299789,6.666225058385404
1420.85496975,1.6218100973589298e-07,5.942921586155727e-08,6.486344335482375e-08,165.62104726463815,165.62104726463815,15.601645967117463,6.494843752203078
1420.858876,1.6255487557504835e-07,5.942921586155727e-08,6.471426157485831e-08,165.0024875270289,165.0024875270289,15.118337082694495,6.01153486778011
1420.86278225,1.6180800376430679e-07,5.942921586155727e-08,6.471426157485831e-08,166.24268648123498,166.24268648123498,15.228628091444136,6.121825876529751
1420.8666885,1.6255487557504835e-07,5.942921586155727e-08,6.486344335482375e-08,165.0024875270289,165.0024875270289,15.5450846565968,6.438282441682414
1420.87059475,1.6218100973589298e-07,5.95662143529011e-08,6.501296903430916e-08,166.24268648123564,166.24268648123564,15.6584888662332,6.551686651318814
1420.874501,1.6218100973589298e-07,5.861381645140285e-08,6.426877173170194e-08,161.95514578315115,161.95514578315115,16.107531301980885,7.0007290870664995
1420.87840725,1.6255487557504835e-07,5.9156163417547425e-08,6.426877173170194e-08,163.77452188760677,163.77452188760677,14.586443304808313,5.479641089893928
1420.8823135,1.6218100973589298e-07,5.861381645140285e-08,6.412095765851622e-08,161.95514578315115,161.95514578315115,15.686498828212763,6.579696613298378
1420.88621975,1.6218100973589298e-07,5.8748935252977694e-08,6.426877173170194e-08,162.55862227718453,162.55862227718453,15.743199286722444,6.636397071808059
1420.890126,1.6255487557504835e-07,5.82103217770871e-08,6.397348354826482e-08,159.57059136493442,159.57059136493442,16.29344954399187,7.186647329077484
1420.89403225,1.6143585568264852e-07,5.82103217770871e-08,6.324118513762196e-08,161.35462442801207,161.35462442801207,14.377302157773812,5.270499942859427
1420.8979385,1.6106456351782697e-07,5.767664633922509e-08,6.295061828571981e-08,159.57059136493467,159.57059136493467,15.048390243980577,5.941588029066192
1420.90184475,1.606941253012879e-07,5.714786366718666e-08,6.26613864672335e-08,157.8124426296812,157.8124426296812,15.707850774577452,6.601048559663067
1420.905751,1.6826740610704672e-07,6.237348354824192e-08,6.792036326171843e-08,168.7604689873814,168.7604689873814,15.452534724708926,6.345732509794541
1420.90965725,1.6106456351782697e-07,5.767664633922509e-08,6.26613864672335e-08,159.57059136493467,159.57059136493467,14.223115987743597,5.116313772829212
1420.9135635,1.6368165214278085e-07,5.82103217770871e-08,6.338697112569277e-08,157.81244262968144,157.81244262968144,14.478925718902161,5.372123503987776
1420.91746975,1.6405897731995388e-07,5.888436553555896e-08,6.412095765851622e-08,160.16236702256376,160.16236702256376,14.68790471448736,5.5811024995729746
1420.921376,1.651961798229015e-07,5.95662143529011e-08,6.486344335482375e-08,161.35462442801233,161.35462442801233,14.793932276830986,5.687130061916601
1420.92528225,1.6595869074375615e-07,6.025595860743569e-08,6.516283940608428e-08,163.16507416543584,163.16507416543584,13.694346459602542,4.587544244688157
1420.9291885,1.674942876026438e-07,6.011737374832779e-08,6.546361740672747e-08,160.16236702256322,160.16236702256322,14.687904714487303,5.581102499572918
1420.93309475,1.6865530253887424e-07,6.109420249055714e-08,6.606934480075964e-08,162.55862227718396,162.55862227718396,13.644960686070078,4.538158471155693
1420.937001,1.6826740610704672e-07,6.053408747539135e-08,6.606934480075964e-08,160.7570381387411,160.7570381387411,15.15687933615601,6.050077121241625
1420.94090725,1.6982436524617427e-07,6.208690342300637e-08,6.698846094165258e-08,165.00248752702916,165.00248752702916,13.421139161176086,4.314336946261701
1420.9448135,1.7060823890031244e-07,6.208690342300637e-08,6.729766562843182e-08,163.77452188760648,163.77452188760648,14.16472478743097,5.057922572516585
1420.94871975,1.713957307508427e-07,6.26613864672335e-08,6.760829753919818e-08,165.00248752702836,165.00248752702836,13.421139161176399,4.314336946262014
1420.952626,1.7100153150902864e-07,6.251726927756862e-08,6.760829753919818e-08,165.00248752702916,165.00248752702916,13.843974289804322,4.737172074889937
1420.95653225,1.7218685749860061e-07,6.28058358813318e-08,6.807693586937418e-08,164.38698606987384,164.38698606987384,14.216127016197163,5.109324801282778
1420.9604385,1.7338039977541374e-07,6.324118513762196e-08,6.854882264526621e-08,164.38698606987379,164.38698606987379,14.21612701619722,5.109324801282835
1420.96434475,1.7258378919902025e-07,6.251726927756862e-08,6.792036326171843e-08,162.55862227718472,162.55862227718472,14.481358422721826,5.374556207807441
1420.968251,1.7378008287493743e-07,6.28058358813318e-08,6.854882264526621e-08,161.9551457831514,161.9551457831514,15.266434702262671,6.159632487348286
1420.97215725,1.7378008287493743e-07,6.30957344480193e-08,6.839116472814293e-08,163.1650741654364,163.1650741654364,14.11357572085197,5.006773505937584
1420.9760635,1.7579236139586932e-07,6.367955209079162e-08,6.950243175887976e-08,162.5586222771845,162.5586222771845,15.321616795915958,6.214814581001573
1420.97996975,1.7579236139586932e-07,6.426877173170194e-08,6.950243175887976e-08,165.00248752702865,165.00248752702865,13.843974289804635,4.73717207489025
1420.983876,1.7660378206861638e-07,6.397348354826482e-08,6.93425806016568e-08,162.5586222771845,162.5586222771845,14.062678085368304,4.955875870453919
1420.98778225,1.7579236139586932e-07,6.441692655151775e-08,6.982324040771705e-08,165.62104726463812,165.62104726463812,14.319697963986698,5.212895749072313
1420.9916885,1.761976046411629e-07,6.441692655151775e-08,6.982324040771705e-08,165.0024875270289,165.0024875270289,14.267784154071393,5.160981939157008
1420.99559475,1.7660378206861638e-07,6.501296903430916e-08,6.998419960022746e-08,166.8674265705449,166.8674265705449,13.141879488726715,4.03507727381233
1420.999501,1.7538805018417602e-07,6.426877173170194e-08,6.918309709189362e-08,165.6210472646382,165.6210472646382,13.046574828836725,3.93977261392234
1421.00340725,1.7660378206861638e-07,6.516283940608428e-08,6.998419960022746e-08,167.49528912373333,167.49528912373333,12.76282507389837,3.6560228589839845
1421.0073135,1.761976046411629e-07,6.501296903430916e-08,6.982324040771705e-08,167.49528912373358,167.49528912373358,12.762825073897659,3.656022858983274
1421.01121975,1.7660378206861638e-07,6.516283940608428e-08,7.014552984199713e-08,167.49528912373333,167.49528912373333,13.189889132986366,4.083086918071981
1421.015126,1.7701089583174203e-07,6.486344335482375e-08,7.014552984199713e-08,165.6210472646379,165.6210472646379,13.894346053352024,4.787543838437639
1421.01903225,1.7660378206861638e-07,6.441692655151775e-08,6.93425806016568e-08,164.38698606987384,164.38698606987384,12.952212075946449,3.8454098610320635
1421.0229385,1.7579236139586932e-07,6.382634861905483e-08,6.902398038402427e-08,163.1650741654361,163.1650741654361,13.694346459602542,4.587544244688157
1421.02684475,1.7418068733916128e-07,6.353309318517436e-08,6.839116472814293e-08,164.38698606987384,164.38698606987384,12.95221207594679,3.8454098610324046
1421.030751,1.7579236139586932e-07,6.456542290346562e-08,6.902398038402427e-08,166.24268648123558,166.24268648123558,11.825143032725151,2.718340817810766
1421.03465725,1.7458221529205038e-07,6.382634861905483e-08,6.854882264526621e-08,165.0024875270287,165.0024875270287,12.578384148674871,3.4715819337604863
1421.0385635,1.7418068733916128e-07,6.382634861905483e-08,6.823386941416703e-08,165.6210472646382,165.6210472646382,11.782215811703281,2.6754135967888963
1421.04246975,1.7538805018417602e-07,6.471426157485831e-08,6.902398038402427e-08,167.49528912373333,167.49528912373333,11.48751718613272,2.3807149712183353
1421.046376,1.7538805018417602e-07,6.486344335482375e-08,6.902398038402427e-08,168.12629593169797,168.12629593169797,11.104843155055704,1.998040940141319
1421.05028225,1.7579236139586932e-07,6.456542290346562e-08,6.886522963442761e-08,166.24268648123558,166.24268648123558,11.404098708699166,2.2972964937847813
1421.0541885,1.7498466886246564e-07,6.397348354826482e-08,6.823386941416703e-08,165.00248752702896,165.00248752702896,11.32150626879556,2.2147040538811744
1421.05809475,1.7458221529205038e-07,6.441692655151775e-08,6.902398038402427e-08,167.4952891237333,167.4952891237333,12.336743234889582,3.229941019975197
1421.062001,1.7378008287493743e-07,6.338697112569277e-08,6.792036326171843e-08,164.38698606987413,164.38698606987413,12.11443956000926,3.0076373450948743
1421.06590725,1.7458221529205038e-07,6.456542290346562e-08,6.870684400142317e-08,168.1262959316985,168.1262959316985,11.104843155054937,1.9980409401405517
1421.0698135,1.7298163592151034e-07,6.324118513762196e-08,6.760829753919818e-08,165.00248752702853,165.00248752702853,11.73950124373036,2.632699028815974
1421.07371975,1.7338039977541374e-07,6.382634861905483e-08,6.823386941416703e-08,166.86742657054435,166.86742657054435,11.868284384138263,2.7614821692238785
1421.077626,1.7258378919902025e-07,6.338697112569277e-08,6.760829753919818e-08,166.24268648123584,166.24268648123584,11.404098708699252,2.2972964937848666
1421.08153225,1.7218685749860061e-07,6.338697112569277e-08,6.760829753919818e-08,166.8674265705449,166.8674265705449,11.445703975424266,2.3389017605098807
1421.0854385,1.7100153150902864e-07,6.295061828571981e-08,6.745280276979216e-08,166.86742657054486,166.86742657054486,12.291838941300455,3.1850367263860697
1421.08934475,1.702158508394952e-07,6.237348354824192e-08,6.637430704019089e-08,165.6210472646379,165.6210472646379,10.9441489441476,1.8373467292332144
1421.093251,1.6865530253887424e-07,6.180164001384152e-08,6.606934480075964e-08,165.62104726463764,165.62104726463764,11.782215811703253,2.675413596788868
1421.09715725,1.6826740610704672e-07,6.180164001384152e-08,6.622165037017616e-08,166.24268648123507,166.24268648123507,12.2471579641593,3.1403557492449146
1421.1010635,1.6788040181225607e-07,6.194410750767812e-08,6.606934480075964e-08,167.49528912373304,167.49528912373304,11.487517186132692,2.380714971218307
1421.10496975,1.6672472125510626e-07,6.194410750767812e-08,6.576578373554199e-08,169.397830488119,169.397830488119,10.75957132621312,1.6527691112987348
1421.108876,1.6557699634695275e-07,6.137620051647946e-08,6.516283940608428e-08,168.76046898738159,168.76046898738159,10.720248953288205,1.6134467383738205
1421.11278225,1.651961798229015e-07,6.165950018614822e-08,6.576578373554199e-08,170.68220865040016,170.68220865040016,11.699753665281321,2.592951450366936
1421.1166885,1.6443717232149307e-07,6.095368972401694e-08,6.486344335482375e-08,168.76046898738159,168.76046898738159,11.14552092892302,2.0387187140086347
1421.12059475,1.6330519478943344e-07,6.039486293763807e-08,6.441692655151775e-08,168.12629593169856,168.12629593169856,11.529539792012685,2.4227375770982995
1421.124501,1.6218100973589298e-07,5.942921586155727e-08,6.338697112569277e-08,165.62104726463815,165.62104726463815,11.362699948069604,2.2558977331552192
1421.12840725,1.6143585568264852e-07,5.95662143529011e-08,6.382634861905483e-08,167.49528912373364,167.49528912373364,12.336743234889184,3.229941019974799
1421.1323135,1.5958791472367336e-07,5.9020108017184416e-08,6.30957344480193e-08,168.1262959316979,168.1262959316979,11.955215455829489,2.8484132409151037
1421.13621975,1.57398286446622e-07,5.794286964268809e-08,6.165950018614822e-08,166.86742657054427,166.86742657054427,11.024095474680792,1.9172932597664065
1421.140126,1.555965631605075e-07,5.714786366718666e-08,6.095368972401694e-08,166.24268648123507,166.24268648123507,11.404098708699564,2.297296493785179
1421.14403225,1.54170045294956e-07,5.649369748123034e-08,5.9979107625551e-08,165.6210472646385,165.6210472646385,10.526560580821695,1.4197583659073096
1421.1479385,1.5205475297324956e-07,5.597576014951093e-08,5.95662143529011e-08,166.867426570544,166.867426570544,11.024095474681133,1.9172932597667476
1421.15184475,1.4962356560944328e-07,5.4701596289397217e-08,5.834451042737448e-08,165.0024875270292,165.0024875270292,11.321506268795247,2.214704053880862
1421.155751,1.5205475297324956e-07,5.675446054085466e-08,6.011737374832779e-08,170.6822086503999,170.6822086503999,10.409825309910019,1.303023094995634
1421.15965725,1.4723125024327192e-07,5.3951062251512786e-08,5.727960309858292e-08,165.6210472646382,165.6210472646382,10.526560580821695,1.4197583659073096
1421.1635635,1.4723125024327192e-07,5.432503314924336e-08,5.74116462207328e-08,167.49528912373333,167.49528912373333,9.800752679100412,0.6939504641860275
1421.16746975,1.4554590805819668e-07,5.345643593969714e-08,5.675446054085466e-08,166.24268648123513,166.24268648123513,10.564912958666213,1.4581107437518277
1421.171376,1.445439770745928e-07,5.357966575133417e-08,5.688529308438413e-08,168.76046898738133,168.76046898738133,10.72024895328812,1.6134467383737352
1421.17528225,1.438798578255845e-07,5.357966575133417e-08,5.662392890382534e-08,170.03840283802407,170.03840283802407,9.945246065993501,0.8384438510791163
1421.1791885,1.425607593602188e-07,5.370317963702522e-08,5.701642722807478e-08,173.2902262505272,173.2902262505272,10.999714851613248,1.8929126366988633
1421.18309475,1.4092887984218748e-07,5.357966575133417e-08,5.649369748123034e-08,175.95184440015117,175.95184440015117,9.841409213198489,0.7346069982841037
1421.187001,1.393156802945302e-07,5.223961889991198e-08,5.50807696405403e-08,171.97961217647008,171.97961217647008,9.625371830806728,0.5185696158923427
1421.19090725,1.3835663789717797e-07,5.260172663907063e-08,5.559042572704037e-08,175.95184440015146,175.95184440015146,10.281233086434128,1.1744308715197427
1421.1948135,1.3677288255958493e-07,5.211947111050811e-08,5.4701596289397217e-08,176.62580473025417,176.62580473025417,8.998183472269204,-0.10861874264518079
1421.19871975,1.342764961137864e-07,5.152286445817561e-08,5.4200089040162386e-08,178.66861624170517,178.66861624170517,9.543765462437591,0.4369632475232059
1421.202626,1.327394457729739e-07,5.069907082747044e-08,5.308844442309879e-08,177.3032367177585,177.3032367177585,8.591686851487225,-0.5151153634271601
1421.20653225,1.3121998990192028e-07,5.023425895223866e-08,5.260172663907063e-08,177.98416544660037,177.98416544660037,8.623778033804058,-0.4830241811103271
1421.2104385,1.2912192736135334e-07,4.9431068698683534e-08,5.211947111050811e-08,177.98416544660066,177.98416544660066,9.951940847385515,0.8451386324711301
1421.21434475,1.2793813041575253e-07,4.87528490103387e-08,5.128613839913648e-08,176.62580473025417,176.62580473025417,9.43761714843447,0.3308149335200845
1421.218251,1.2560299636948753e-07,4.80839348449729e-08,5.0466129756352864e-08,177.9841654466007,177.9841654466007,9.065479961142927,-0.04132225377145815
1421.22215725,1.2387965865303688e-07,4.753352259428058e-08,5.011872336272725e-08,178.66861624170582,178.66861624170582,9.989166001863452,0.8823637869490675
1421.2260635,1.2274392311584072e-07,4.753352259428058e-08,4.954501908047905e-08,181.44215518162352,181.44215518162352,7.889752737833703,-1.217049477080682
1421.22996975,1.2078138351067798e-07,4.677351412871981e-08,4.920395356814511e-08,181.44215518162318,181.44215518162318,9.687883742877347,0.5810815279629615
1421.233876,1.1912420080273737e-07,4.613175745603791e-08,4.841723675840999e-08,181.4421551816232,181.4421551816232,9.236797170871142,0.12999495595675725
1421.23778225,1.1803206356517298e-07,4.5919801283686855e-08,4.797334486366892e-08,182.85073370476505,182.85073370476505,8.400725992065276,-0.7060762228491093
1421.2416885,1.1508003889444357e-07,4.4771330417636236e-08,4.677351412871981e-08,182.85073370476505,182.85073370476505,8.400725992065247,-0.7060762228491377
1421.24559475,1.1428783347897712e-07,4.4668359215096346e-08,4.677351412871981e-08,184.27413784406954,184.27413784406954,8.920215300176608,-0.18658691473777722
1421.249501,1.109174815262402e-07,4.355118736855688e-08,4.5498806015004805e-08,185.71258756867473,185.71258756867473,8.528708724236822,-0.5780934906775634
1421.25340725,1.1015393095414157e-07,4.355118736855688e-08,4.5498806015004805e-08,187.8989645481358,187.8989645481358,8.626483982057636,-0.48031823285674946
1421.2573135,1.0814339512979386e-07,4.2364296604954177e-08,4.4360864393143274e-08,184.99146809137488,184.99146809137488,8.954022033205092,-0.15278018170929286
1421.26121975,1.0715193052376059e-07,4.2364296604954177e-08,4.4258837236262646e-08,187.89896454813646,187.89896454813646,8.626483982057664,-0.48031823285672104
1421.265126,1.0519618738232223e-07,4.1495404263436324e-08,4.3651583224016566e-08,187.1663072001462,187.1663072001462,9.985321407808385,0.8785191928940002
1421.26903225,1.032761405761398e-07,4.0926065973001096e-08,4.265795188015926e-08,188.6355255207274,188.6355255207274,8.194157679258666,-0.9126445356557191
1421.2729385,1.0092528860766845e-07,3.971915494694405e-08,4.1495404263436324e-08,186.43752445299972,186.43752445299972,8.561128060625435,-0.5456741542889496
1421.27684475,9.954054173515254e-08,3.9264493539959934e-08,4.1114972110452215e-08,187.16630720014584,187.16630720014584,9.056519042646244,-0.050283172268141385
1421.280751,9.817479430199844e-08,3.9264493539959934e-08,4.0926065973001096e-08,191.62139633400454,191.62139633400454,8.3205120565774,-0.7862901583369855
1421.28465725,9.571940712948442e-08,3.7844258471709354e-08,3.953666200681275e-08,187.89896454813606,187.89896454813606,8.626483982057664,-0.48031823285672104
1421.2885635,9.484184633008979e-08,3.7670379898390855e-08,3.93550075455778e-08,189.37601943097593,189.37601943097593,8.692538200220213,-0.4142640146941723
1421.29246975,9.375620069258793e-08,3.7670379898390855e-08,3.917418771077831e-08,193.13852971507347,193.13852971507347,7.9097229633518396,-1.1970792515625455
1421.296376,9.289663867799362e-08,3.749730022454834e-08,3.908408957924025e-08,194.67212380229847,194.67212380229847,8.449611000815167,-0.6571912140992175
1421.30028225,9.078205301781861e-08,3.689775985701505e-08,3.837072454922792e-08,197.0039332303476,197.0039332303476,8.064030512677817,-1.0427717022365677
1421.3041885,8.912509381337459e-08,3.6057864302164274e-08,3.7844258471709354e-08,195.44517241834546,195.44517241834546,9.93054065323824,0.8237384383238542
1421.30809475,8.77000821143634e-08,3.5809643710263626e-08,3.741105882720529e-08,198.57979657564695,198.57979657564695,9.104133131788387,-0.0026690831259976733
1421.312001,8.531001140175895e-08,3.4994516702835694e-08,3.6307805477010175e-08,200.17302848971983,200.17302848971983,7.699818727803603,-1.4069834871107822
1421.31590725,8.531001140175895e-08,3.507518739525679e-08,3.6475394692560734e-08,200.97624230277913,200.97624230277913,8.222605749573233,-0.8841964653411516
1421.3198135,8.336811846196348e-08,3.443499307633384e-08,3.5809643710263626e-08,202.59603801031096,202.59603801031096,8.287268262827467,-0.8195339520869176
1421.32371975,8.241381150130013e-08,3.4040818970100086e-08,3.53997341083435e-08,202.5960380103116,202.5960380103116,8.287268262827553,-0.8195339520868323
1421.327626,8.128305161640995e-08,3.341950400261143e-08,3.467368504525317e-08,200.97624230277913,200.97624230277913,7.729962069770465,-1.3768401451439196
1421.33153225,7.998342550070292e-08,3.296097121774576e-08,3.443499307633384e-08,201.7839005323715,201.7839005323715,9.247421363139807,0.1406191482254222
1421.3354385,7.852356346100726e-08,3.258367010020087e-08,3.3806483620598154e-08,204.2338918609656,204.2338918609656,7.852216496979423,-1.2545857179349618
1421.33934475,7.691304402866098e-08,3.1841975217261255e-08,3.318944575526104e-08,203.41268993195519,203.41268993195519,8.819489290864084,-0.2873129240503012
1421.343251,7.620790100254114e-08,3.15500462337463e-08,3.273406948788379e-08,203.41268993195592,203.41268993195592,7.821398089516549,-1.2854041253978359
1421.34715725,7.533555637337184e-08,3.118889584093935e-08,3.235936569296281e-08,203.41268993195456,203.41268993195456,7.821398089516919,-1.2854041253974664
1421.3510635,7.464487584100653e-08,3.118889584093935e-08,3.2433961734934935e-08,206.7251589554046,206.7251589554046,8.452103455683897,-0.654698759230488
1421.35496975,7.311390834834173e-08,3.061963433690676e-08,3.191537855100758e-08,207.56492408734462,207.56492408734462,8.995201166559042,-0.11160104835534312
1421.358876,7.227698036021703e-08,3.026913428101305e-08,3.1695674630434873e-08,207.56492408734456,207.56492408734456,10.017876238786044,0.9110740238716595
1421.36278225,7.161434102129012e-08,3.019951720402013e-08,3.147748314101311e-08,210.112772530278,210.112772530278,9.103019563147825,-0.003782651766560008
1421.3666885,7.095777679633887e-08,2.999162518987653e-08,3.126079367123956e-08,210.97170063731085,210.97170063731085,9.139367192671159,0.03256497775677403
1421.37059475,7.063175542629623e-08,2.978516429429191e-08,3.090295432513592e-08,210.112772530278,210.112772530278,8.072841575281814,-1.0339606396325713
1421.374501,6.966265141107687e-08,2.910717118066608e-08,3.040885025676277e-08,206.72515895540465,206.72515895540465,9.468395523044023,0.3615933081296383
1421.37840725,6.918309709189362e-08,2.917427014001166e-08,3.0549211132155155e-08,210.112772530278,210.112772530278,10.137952636555639,1.0311504216412537
1421.3823135,6.854882264526621e-08,2.890679882365478e-08,3.0130060241861224e-08,210.112772530278,210.112772530278,9.103019563147825,-0.003782651766560008
1421.38621975,6.776415076106757e-08,2.870780582024692e-08,2.985382618917957e-08,211.83551622162864,211.83551622162864,8.65610976519676,-0.450692449717625
1421.390126,6.729766562843182e-08,2.8510182675039096e-08,2.9580124665515465e-08,211.83551622162864,211.83551622162864,8.137493416878698,-0.9693087980356871
1421.39403225,6.714288529259522e-08,2.8119008303989396e-08,2.9376496519615307e-08,207.56492408734462,207.56492408734462,9.505950003838791,0.39914778892440594
1421.3979385,6.652731562017406e-08,2.7861211686297723e-08,2.904022654464451e-08,207.56492408734536,207.56492408734536,8.995201166559156,-0.11160104835522944
1421.40184475,6.622165037017616e-08,2.7542287033381633e-08,2.8840315031266057e-08,205.05967973414226,205.05967973414226,9.899807709907321,0.7930054949929364
1421.405751,6.622165037017616e-08,2.7542287033381633e-08,2.8840315031266057e-08,205.05967973414226,205.05967973414226,9.899807709907321,0.7930054949929364
