Velocity,Brightness Temperature,Velocity Corrected
211.06116174697493,-0.23960363077680213,232.00982614195485
210.23670416636935,-0.1824757272480646,231.18536856134926
209.41224658573051,-0.621175195906492,230.36091098071043
208.58778900509168,-0.6211751959060088,229.5364534000716
207.76333142448613,0.4748934968486047,228.71199581946604
206.93887384384726,-1.0017264284740612,227.88753823882718
206.11441626320843,0.47489349684814997,227.06308065818834
205.28995868260287,0.9508740192673848,226.2386230775828
204.46550110196404,-1.0339606396325713,225.41416549694395
203.64104352132517,0.990898883806377,224.5897079163051
202.81658594071962,0.43691395386388976,223.76525033569953
201.99212836008078,-0.5194646635572759,222.9407927550607
201.16767077944195,-0.14713775003270158,222.11633517442186
200.34321319883637,-0.2176165493843918,221.29187759381628
199.51875561819753,1.2591529442547333,220.46742001317745
198.6942980375587,0.2134589672397702,219.6429624325386
197.86984045691986,0.17693811427630735,218.81850485189977
197.04538287631428,2.0084775645504145,217.9940472712942
196.22092529567544,0.6768976376307556,217.16958969065536
195.3964677150366,1.1377744236595184,216.34513211001652
194.57201013443105,1.057967910418423,215.52067452941097
193.7475525537922,0.6005590177957139,214.6962169487721
192.92309497315335,2.460094752737117,213.87175936813327
192.0986373925478,1.4715854877068715,213.04730178752772
191.27417981190897,-0.03800190174402829,212.22284420688888
190.4497222312701,0.4503824047097531,211.39838662625002
189.62526465066455,0.8237384383234847,210.57392904564446
188.8008070700257,1.3087045427619408,209.74947146500563
187.97634948938688,1.268535488115301,208.9250138843668
187.1518919087813,2.0647357828957773,208.1005563037612
186.32743432814246,0.9933399810188313,207.27609872312237
185.50297674750362,0.41358334892904836,206.45164114248354
184.67851916686476,0.597020016448905,205.62718356184467
183.8540615862592,1.3048905929098815,204.80272598123912
183.02960400562037,0.7282366537381755,203.97826840060029
182.20514642498154,1.688039773883812,203.15381081996145
181.38068884437598,1.34452682467062,202.3293532393559
180.55623126373712,0.44988097331843946,201.50489565871703
179.73177368309828,1.6067396473195537,200.6804380780782
178.90731610249273,1.6880397738837836,199.85598049747264
178.08285852185386,1.5262880938531076,199.03152291683378
177.25840094121503,0.7282366537385165,198.20706533619494
176.43394336060948,0.5086483059585838,197.3826077555894
175.60948577997064,1.4466727367818883,196.55815017495055
174.78502819933178,1.4466727367826557,195.7336925943117
173.96057061872622,0.4727129351426491,194.90923501370614
173.1361130380874,1.2512136169766528,194.0847774330673
172.31165545744855,1.2127236187845902,193.26031985242847
171.48719787684297,1.5360105741515575,192.43586227182288
170.66274029620413,1.2512136169762833,191.61140469118405
169.8382827155653,0.7712616089287643,190.7869471105452
169.01382513492646,1.9745983758257601,189.96248952990638
168.18936755432088,1.4966842622383147,189.1380319493008
167.36490997368205,0.6618588226599478,188.31357436866196
166.5404523930432,1.4575578531307904,187.48911678802313
165.71599481243766,1.0607220852022827,186.66465920741757
164.8915372317988,1.6527691112987917,185.8402016267787
164.06707965115996,1.3030230949953214,185.01574404613987
163.2426220705544,1.3030230949956625,184.19128646553432
162.41816448991557,1.1515757451842283,183.36682888489548
161.5937069092767,2.5074168465661977,182.54237130425662
160.76924932867115,1.3815959782351648,181.71791372365107
159.94479174803232,1.9575662589575664,180.89345614301223
159.12033416739348,0.622780702004885,180.0689985623734
158.2958765867879,1.3030230949957193,179.2445409817678
157.47141900614906,1.8373467292332712,178.42008340112898
156.64696142551023,2.092339450902127,177.59562582049014
155.82250384490467,2.132926305291303,176.7711682398846
154.9980462642658,1.8772205448323938,175.94671065924572
154.17358868362697,2.214704053881203,175.1222530786069
153.34913110298814,1.0769830460246475,174.29779549796805
152.52467352238259,0.3434904087987114,173.4733379173625
151.70021594174372,1.7976704407109274,172.64888033672364
150.8757583611049,1.535390761729328,171.8244227560848
150.05130078049933,1.6134467383737068,170.99996517547925
149.2268431998605,1.1515757451842568,170.1755075948404
148.40238561922163,1.9575662589583054,169.35105001420155
147.57792803861608,2.214704053880805,168.526592433596
146.75347045797724,2.380714971217966,167.70213485295716
145.9290128773384,1.8772205448323653,166.87767727231832
145.10455529673283,2.173714044222745,166.05321969171274
144.280097716094,0.5523156864974474,165.2287621110739
143.45564013545516,1.1515757451845978,164.40430453043507
142.6311825548496,1.8772205448323653,163.57984694982952
141.80672497421074,1.496654431666169,162.75538936919065
140.9822673935719,2.3389017605097955,161.93093178855182
140.15780981296635,2.1737140442230576,161.10647420794626
139.3333522323275,2.6326990288159173,160.28201662730743
138.50889465168865,1.039964868465173,159.45755904666856
137.6844370710498,1.4581107437518561,158.63310146602973
136.85997949044426,1.7976704407106148,157.80864388542417
136.03552190980542,1.8772205448324222,156.98418630478534
135.21106432916656,1.4966544316661974,156.15972872414648
134.386606748561,0.6582768777853083,155.33527114354092
133.56214916792217,1.3058359538897797,154.5108135629021
132.7376915872833,1.7976704407106148,153.68635598226322
131.91323400667775,1.7976704407109274,152.86189840165767
131.08877642603892,2.3807962830925042,152.03744082101883
130.26431884540008,1.7581903195275252,151.21298324038
129.43986126479453,2.632699028815974,150.38852565977444
128.61540368415567,1.4966544316661405,149.56406807913558
127.79094610351683,2.7183408178107378,148.73961049849675
126.96648852291128,2.1737140442227734,147.9151529178912
126.14203094227243,1.8373467292332997,147.09069533725236
125.31757336163358,2.1737140442227734,146.2662377566135
124.49311578102802,1.8772205448324222,145.44178017600794
123.66865820038917,2.718340817810823,144.6173225953691
122.84420061975034,1.8373467292328733,143.79286501473027
122.01974303911149,2.590195650030747,142.9684074340914
121.19528545850594,1.6798132019726744,142.14394985348585
120.37082787786709,2.5058166710491,141.31949227284701
119.54637029722825,1.9717705207073628,140.49503469220818
118.72191271662268,2.422265212742669,139.6705771116026
117.89745513598385,1.1565390317563207,138.84611953096376
117.072997555345,1.718905018322598,138.02166195032493
116.24853997473944,1.7189050183223138,137.19720436971937
115.4240823941006,3.2016786867629285,136.3727467890805
114.59962481346176,1.4197583659073096,135.54828920844167
113.77516723285619,2.9202470546286428,134.72383162783612
112.95070965221736,1.6798132019723617,133.89937404719728
112.1262520715785,2.7054955259380016,133.07491646655842
111.30179449097295,1.5636854914708884,132.25045888595287
110.4773369103341,2.2576000953925437,131.42600130531403
109.65287932969527,2.70549552593803,130.6015437246752
108.82842174905642,1.1196706126653986,129.77708614403633
108.00396416845086,2.495921657126299,128.95262856343078
107.17950658781201,2.2169336951530134,128.12817098279194
106.35504900717318,2.4959216571263845,127.30371340215311
105.53059142656761,1.4966544316661405,126.47925582154753
104.70613384592878,2.495921657126697,125.65479824090869
103.88167626528993,1.8529608385598486,124.83034066026985
103.05721868468437,3.4320928667677855,124.0058830796643
102.23276110404552,2.011762913675536,123.18142549902544
101.40830352340669,2.4639382091515323,122.3569679183866
100.58384594280112,2.6631721420478094,121.53251033778105
99.75938836216228,2.4222652127422997,120.70805275714221
98.93493078152343,1.230820349927054,119.88359517650335
98.11047320091788,2.1737140442227165,119.0591375958978
97.28601562027903,2.6326990288159458,118.23468001525896
96.4615580396402,2.632699028815974,117.41022243462012
95.63710045903463,2.2558977331551624,116.58576485401454
94.81264287839579,1.4197583659072528,115.7613072733757
93.98818529775694,1.8373467292332712,114.93684969273687
93.1637277171181,1.7581903195274968,114.11239211209804
92.33927013651254,2.59019565003069,113.28793453149245
91.5148125558737,1.6798132019727028,112.46347695085362
90.69035497523485,2.2972964937851224,111.63901937021478
89.8658973946293,1.5353907617293565,110.81456178960923
89.04143981399045,2.2558977331548498,109.99010420897037
88.2169822333516,2.0387187140089758,109.16564662833153
87.39252465274605,1.6922895793526003,108.34118904772598
86.56806707210721,2.5074168465661977,107.51673146708714
85.74360949146836,2.8048391420024323,106.69227388644828
84.91915191086281,1.6922895793522876,105.86781630584272
84.09469433022396,1.9575662589575948,105.04335872520389
83.27023674958511,2.1206892482801685,104.21890114456502
82.44577916897956,2.4227375770982995,103.39444356395947
81.6213215883407,1.1515757451842568,102.56998598332063
80.79686400770187,2.8484132409151037,101.7455284026818
79.97240642709632,2.3807149712179374,100.92107082207625
79.14794884645747,2.380714971218307,100.09661324143738
78.32349126581862,2.422737577098726,99.27215566079855
77.49903368517978,1.9172932597660939,98.44769808015971
76.67457610457421,0.8384438510790879,97.62324049955413
75.85011852393538,2.0796010043658804,96.7987829189153
75.02566094329653,1.6527691112987632,95.97432533827646
74.20120336269098,1.2269189043438438,95.1498677576709
73.37674578205213,1.81205357112702,94.32541017703204
72.55228820141329,2.422737577098726,93.5009525963932
71.72783062080772,2.161984896236387,92.67649501578765
70.90337304016889,2.3807149712179374,91.85203743514882
70.07891545953004,2.892205984681649,91.02757985450995
69.25445787892448,1.7320095376749371,90.2031222739044
68.43000029828563,2.5500764804375784,89.37866469326556
67.6055427176468,2.464971042795977,88.55420711262673
66.78108513704123,0.7298026993114739,87.72974953202115
65.9566275564024,2.3389017605102786,86.90529195138231
65.13216997576355,1.6134467383737636,86.08083437074347
64.30771239515799,2.464971042795181,85.25637679013792
63.48325481451915,2.0796010043666477,84.43191920949907
62.65879723388031,2.422737577098669,83.60746162886022
61.83433965324146,0.9117877505723833,82.78300404822139
61.009882072635904,2.0796010043662783,81.95854646761583
60.185424491997054,2.848413240915132,81.13408888697697
59.36096691135821,2.2558977331552192,80.30963130633813
58.53650933075266,2.0387187140086347,79.48517372573258
57.71205175011381,1.9575662589583054,78.66071614509373
56.887594169474966,1.7581903195271842,77.83625856445488
56.06313658886941,2.463938209151589,77.01180098384933
55.23867900823056,0.8216703405831218,76.18734340321049
54.41422142759172,1.758190319527582,75.36288582257164
53.58976384698616,0.8576048741029432,74.53842824196607
52.76530626634732,1.3815959782348237,73.71397066132724
51.940848685708474,1.8923708019966874,72.8895130806884
51.11639110510291,1.9319735917415493,72.06505550008283
50.29193352446407,1.525354503227586,71.24059791944399
49.46747594382523,0.5173444267845149,70.41614033880515
48.64301836321967,0.8937169219419978,69.5916827581996
47.818560782580825,1.797670440710899,68.76722517756075
46.99410320194198,1.4197583659073096,67.9427675969219
46.16964562130314,1.7189050183226549,67.11831001628306
45.34518804069758,1.4581107437518277,66.29385243567751
44.520730460058736,1.0769830460243348,65.46939485503866
43.696272879419894,2.3807149712183353,64.64493727439981
42.87181529881433,1.039964868465514,63.820479693794255
42.04735771817549,1.5743210783429298,62.99602211315541
41.22290013753665,1.6134467383740763,62.17156453251657
40.39844255693109,1.4581107437518561,61.34710695191101
39.573984976292245,1.8772205448323653,60.522649371272166
38.7495273956534,1.4966544316661405,59.698191790633324
37.92506981504784,1.5743210783432993,58.87373421002776
37.100612234409,1.732009537674596,58.04927662938892
36.276154653770156,2.5074168465661977,57.22481904875008
35.451697073164596,1.9980409401405232,56.40036146814452
34.62723949252575,2.422737577098328,55.575903887505675
33.80278191188691,2.46497104279592,54.75144630686683
32.97832433128135,2.8484132409151606,53.92698872626127
32.15386675064251,2.0387187140089758,53.10253114562243
31.329409170003665,3.939772613921999,52.278073564983586
30.504951589364822,2.9362189061365846,51.453615984344744
29.68049400875926,2.161984896236387,50.62915840373918
28.85603642812042,1.99804094014058,49.80470082310034
28.031578847481573,3.7496327736012596,48.9802432424615
27.207121266876015,3.563343525568481,48.15578566185594
26.382663686237173,2.8484132409155585,47.331328081217094
25.558206105598327,2.804839142002404,46.506870500578245
24.73374852499277,4.035077273812245,45.68241291997269
23.909290944353927,3.609567677642101,44.85795533933385
23.08483336371508,3.2750701884806084,44.033497758695006
22.260375783109524,3.7967907764894413,43.209040178089445
21.435918202470678,4.611017264756949,42.3845825974506
20.611460621831835,4.560951380684681,41.56012501681175
19.787003041226278,6.01153486778011,40.7356674362062
18.96254546058743,5.095102219521035,39.91120985556735
18.13808787994859,3.7496327736009185,39.086752274928514
17.313630299309747,4.889041430133542,38.262294694289665
16.489172718704186,6.011534867780025,37.43783711368411
15.664715138065343,4.737172074889937,36.61337953304526
14.8402575574265,5.317500517917235,35.788921952406426
14.01579997682094,4.363170210049557,34.96446437180086
13.191342396182097,5.057922572516556,34.14000679116202
12.366884815543255,5.639228197128627,33.31554921052317
11.542427234937694,5.42315353855474,32.49109162991762
10.717969654298852,5.317500517917264,31.666634049278773
9.893512073660009,5.69295375408819,30.84217646863993
9.069054493054448,6.924131395610029,30.01771888803437
8.244596912415606,6.551686651318757,29.193261307395527
7.420139331776762,6.28933544076315,28.368803726756685
6.5956817511712025,7.1174607948514925,27.544346146151124
5.771224170532359,6.982538357533738,26.71988856551228
4.946766589893516,8.217941117570401,25.895430984873435
4.122309009287957,8.586822066818254,25.07097340426788
3.297851428649113,8.888575947763538,24.246515823629036
2.4733938480102697,9.252588690684743,23.42205824299019
1.6489362673714267,10.333939479058554,22.597600662351347
0.824478686765867,9.81909831769519,21.77314308174579
2.110612702378245e-05,10.760240608268216,20.948685501106944
-0.8244364745118195,10.760240608268216,20.1242279204681
-1.6488940551173792,11.771835551868346,19.299770339862544
-2.473351635722939,11.787965700041976,18.475312759256983
-3.2978092163950654,12.076353317704129,17.650855178584855
-4.122266797000625,13.56579167663389,16.826397597979295
-4.946724377606185,13.845372292432554,16.001940017373737
-5.771181958278311,14.54684522544741,15.17748243670161
-6.595639538883871,16.25255637610334,14.35302485609605
-7.420097119555998,16.542485503707947,13.528567275423924
-8.244554700161558,17.52923203873223,12.704109694818364
-9.069012280767117,19.101116093108114,11.879652114212805
-9.893469861439245,20.487972129217322,11.055194533540677
-10.717927442044804,21.884441392113214,10.230736952935118
-11.542385022650363,23.055645242106802,9.406279372329559
-12.36684260332249,24.93197781699808,8.58182179165743
-13.19130018392805,25.278654808293876,7.757364211051872
-14.01575776453361,27.645355663488342,6.932906630446311
-14.840215345205737,29.49740591882613,6.108449049774185
-15.664672925811296,32.46129002292665,5.283991469168626
-16.489130506416856,35.38108435152938,4.459533888563065
-17.313588087088984,38.41722141203468,3.6350763078909374
-18.13804566769454,40.64657234645429,2.81061872728538
-18.962503248300102,43.571599390350286,1.9861611466798195
-19.78696082897223,46.31518109829179,1.1617035660076915
-20.611418409577787,52.0694914833127,0.33724598540213435
-21.435875990183348,56.19807592505788,-0.4872115952034264
-22.260333570855476,61.448206009064734,-1.3116691758755543
-23.084791151461033,68.8622638169885,-2.1361267564811115
-23.909248732066594,74.71480689690975,-2.9605843370866722
-24.733706312738722,83.65543861627046,-3.7850419177588
-25.55816389334428,90.48202229106437,-4.609499498364357
-26.38262147394984,100.83657602773658,-5.433957078969918
-27.207079054621968,106.89389296987136,-6.258414659642046
-28.03153663522753,114.04746996575327,-7.082872240247607
-28.855994215833086,119.52107852171767,-7.907329820853164
-29.680451796505213,125.19852935510912,-8.731787401525292
-30.504909377110774,129.27958374981563,-9.556244982130853
-31.32936695771633,128.48248685096533,-10.38070256273641
-32.15382453838846,128.77314350004775,-11.205160143408541
-32.97828211899402,126.27866817788083,-12.029617724014095
-33.80273969959958,126.18764048374862,-12.854075304619656
-34.62719728027171,125.14272963879816,-13.678532885291787
-35.45165486087726,126.12739307667098,-14.50299046589734
-36.276112441549394,124.97923443151268,-15.327448046569472
-37.100570022154955,123.03111314406001,-16.151905627175033
-37.92502760276051,124.4885317845995,-16.976363207780587
-38.74948518343264,119.54400568799343,-17.800820788452718
-39.5739427640382,115.64108838883035,-18.62527836905828
-40.398400344643754,111.54165962647997,-19.449735949663832
-41.222857925315886,107.50221766074358,-20.274193530335964
-42.047315505921446,103.93131267112472,-21.098651110941525
-42.871773086527,96.35559455639233,-21.92310869154708
-43.69623066719913,93.53447388137454,-22.74756627221921
-44.52068824780469,87.58213775662028,-23.57202385282477
-45.34514582841025,84.1292397273869,-24.39648143343033
-46.16960340908238,78.87962145390895,-25.220939014102456
-46.99406098968794,75.97525986265097,-26.045396594708016
-47.8185185702935,71.1980072117052,-26.869854175313577
-48.64297615096562,66.86077029861616,-27.6943117559857
-49.467433731571184,63.70882928647157,-28.518769336591262
-50.291891312176745,59.92228694136213,-29.343226917196823
-51.11634889284887,57.186115109065554,-30.167684497868947
-51.94080647345443,54.17343313949186,-30.992142078474508
-52.76526405405999,54.15989771822248,-31.81659965908007
-53.589721634732115,49.90425360143024,-32.64105723975219
-54.414179215337676,48.849189925082186,-33.465514820357754
-55.238636795943236,46.753583031572106,-34.289972400963315
-56.06309437661536,44.81385438232695,-35.11442998163544
-56.88755195722092,44.74620963080312,-35.938887562241
-57.71200953782648,42.388767994079785,-36.76334514284656
-58.53646711849861,41.53351566902279,-37.587802723518685
-59.36092469910417,38.57759003601916,-38.412260304124246
-60.18538227970973,37.919177216894894,-39.236717884729806
-61.00983986038185,36.72307125885371,-40.06117546540193
-61.83429744098741,34.008280966500564,-40.88563304600749
-62.658755021592974,33.19163174818391,-41.71009062661305
-63.4832126022651,31.34732402461753,-42.53454820728518
-64.30767018287065,30.00297011459784,-43.35900578789073
-65.13212776347622,29.224787419033785,-44.1834633684963
-65.95658534414835,27.047035628424364,-45.00792094916843
-66.7810429247539,25.584312197497436,-45.83237852977398
-67.60550050542604,20.949922399244254,-46.656836110446115
-68.42995808603159,21.76101492178523,-47.48129369105167
-69.25441566663716,22.68900397076626,-48.305751271657236
-70.07887324730928,21.4808212673565,-49.13020885232935
-70.90333082791484,19.72722112894112,-49.95466643293492
-71.7277884085204,20.780901796220913,-50.779124013540475
-72.55224598919253,18.583624229179005,-51.603581594212606
-73.37670356979808,18.42035560599572,-52.42803917481816
-74.20116115040365,17.753410944381297,-53.25249675542373
-75.02561873107577,16.551388634892472,-54.076954336095845
-75.85007631168133,15.810869396176908,-54.90141191670141
-76.67453389228689,13.4045542488609,-55.72586949730697
-77.49899147295902,13.81518225206872,-56.5503270779791
-78.32344905356457,12.83415976388343,-57.37478465858465
-79.14790663417014,11.79941414552962,-58.19924223919022
-79.97236421484226,11.495670026078809,-59.02369981986234
-80.79682179544783,11.495670026078837,-59.848157400467905
-81.62127937605338,11.19941052682412,-60.67261498107346
-82.44573695672551,10.594771776308047,-61.49707256174559
-83.27019453733107,5.794321402358204,-62.32153014235114
-84.09465211793663,9.488154389224658,-63.14598772295671
-84.91910969860875,7.905127754307497,-63.97044530362883
-85.74356727921432,8.096498877369608,-64.7949028842344
-86.56802485981987,9.556454637082677,-65.61936046483996
-87.392482440492,7.3996597285328924,-66.44381804551207
-88.21694002109756,8.536715831656661,-67.26827562611763
-89.04139760170312,7.971238682936015,-68.09273320672321
-89.86585518237524,9.085459470673722,-68.91719078739533
-90.69031276298081,6.723924533207221,-69.74164836800088
-91.51477034358636,8.332467944387783,-70.56610594860643
-92.3392279242585,7.294731121547326,-71.39056352927858
-93.16368550486405,7.6028609993906535,-72.21502110988413
-93.98814308546962,6.666225058385404,-73.03947869048969
-94.81260066614173,6.494843752203078,-73.8639362711618
-95.6370582467473,6.01153486778011,-74.68839385176739
-96.46151582735286,6.121825876529751,-75.51285143237294
-97.28597340802499,6.438282441682414,-76.33730901304506
-98.11043098863054,6.551686651318814,-77.16176659365061
-98.93488856930267,7.0007290870664995,-77.98622417432276
-99.75934614990823,5.479641089893928,-78.81068175492831
-100.5838037305138,6.579696613298378,-79.63513933553386
-101.40826131118592,6.636397071808059,-80.45959691620601
-102.23271889179148,7.186647329077484,-81.28405449681156
-103.05717647239703,5.270499942859427,-82.10851207741712
-103.88163405306916,5.941588029066192,-82.93296965808923
-104.70609163367472,6.601048559663067,-83.75742723869479
-105.53054921428028,6.345732509794541,-84.58188481930037
-106.35500679495242,5.116313772829212,-85.40634239997249
-107.17946437555797,5.372123503987776,-86.23079998057804
-108.00392195616352,5.5811024995729746,-87.0552575611836
-108.82837953683566,5.687130061916601,-87.87971514185574
-109.65283711744122,4.587544244688157,-88.7041727224613
-110.47729469804678,5.581102499572918,-89.52863030306685
-111.30175227871891,4.538158471155693,-90.353087883739
-112.12620985932446,6.050077121241625,-91.17754546434455
-112.95066743993002,4.314336946261701,-92.0020030449501
-113.77512502060215,5.057922572516585,-92.82646062562222
-114.59958260120771,4.314336946262014,-93.6509182062278
-115.42404018181327,4.737172074889937,-94.47537578683335
-116.2484977624854,5.109324801282778,-95.29983336750547
-117.07295534309095,5.109324801282835,-96.12429094811102
-117.8974129236965,5.374556207807441,-96.94874852871658
-118.72187050436864,6.159632487348286,-97.77320610938872
-119.5463280849742,5.006773505937584,-98.59766368999428
-120.37078566557976,6.214814581001573,-99.42212127059983
-121.19524324625189,4.73717207489025,-100.24657885127198
-122.01970082685745,4.955875870453919,-101.07103643187753
-122.84415840746301,5.212895749072313,-101.89549401248308
-123.66861598813513,5.160981939157008,-102.7199515931552
-124.4930735687407,4.03507727381233,-103.54440917376078
-125.31753114934625,3.93977261392234,-104.36886675436634
-126.14198873001838,3.6560228589839845,-105.19332433503845
-126.96644631062394,3.656022858983274,-106.01778191564401
-127.79090389129607,4.083086918071981,-106.84223949631615
-128.61536147190162,4.787543838437639,-107.66669707692171
-129.43981905250718,3.8454098610320635,-108.49115465752726
-130.26427663317932,4.587544244688157,-109.3156122381994
-131.08873421378487,3.8454098610324046,-110.14006981880496
-131.91319179439043,2.718340817810766,-110.96452739941051
-132.73764937506255,3.4715819337604863,-111.78898498008263
-133.56210695566813,2.6754135967888963,-112.61344256068821
-134.38656453627368,2.3807149712183353,-113.43790014129377
-135.2110221169458,1.998040940141319,-114.26235772196588
-136.03547969755135,2.2972964937847813,-115.08681530257144
-136.85993727815693,2.2147040538811744,-115.91127288317702
-137.68439485882905,3.229941019975197,-116.73573046384914
-138.5088524394346,3.0076373450948743,-117.56018804445469
-139.33331002004016,1.9980409401405517,-118.38464562506024
-140.1577676007123,2.632699028815974,-119.20910320573239
-140.98222518131786,2.7614821692238785,-120.03356078633794
-141.8066827619234,2.2972964937848666,-120.8580183669435
-142.63114034259553,2.3389017605098807,-121.68247594761561
-143.4555979232011,3.1850367263860697,-122.5069335282212
-144.28005550380666,1.8373467292332144,-123.33139110882675
-145.10451308447878,2.675413596788868,-124.15584868949887
-145.92897066508434,3.1403557492449146,-124.98030627010442
-146.75342824568992,2.380714971218307,-125.80476385071
-147.57788582636204,1.6527691112987348,-126.62922143138212
-148.4023434069676,1.6134467383738205,-127.45367901198767
-149.22680098757314,2.592951450366936,-128.27813659259323
-150.0512585682453,2.0387187140086347,-129.10259417326537
-150.87571614885084,2.4227375770982995,-129.92705175387093
-151.7001737294564,2.2558977331552192,-130.75150933447648
-152.52463131012854,3.229941019974799,-131.57596691514863
-153.3490888907341,2.8484132409151037,-132.40042449575418
-154.17354647133965,1.9172932597664065,-133.22488207635973
-154.99800405201177,2.297296493785179,-134.04933965703185
-155.82246163261732,1.4197583659073096,-134.8737972376374
-156.6469192132229,1.9172932597667476,-135.698254818243
-157.47137679389502,2.214704053880862,-136.5227123989151
-158.29583437450057,1.303023094995634,-137.34716997952066
-159.12029195517272,1.4197583659073096,-138.1716275601928
-159.94474953577827,0.6939504641860275,-138.99608514079836
-160.76920711638382,1.4581107437518277,-139.8205427214039
-161.59366469705594,1.6134467383737352,-140.64500030207603
-162.41812227766152,0.8384438510791163,-141.4694578826816
-163.24257985826708,1.8929126366988633,-142.29391546328716
-164.0670374389392,0.7346069982841037,-143.11837304395928
-164.89149501954475,0.5185696158923427,-143.94283062456483
-165.71595260015033,1.1744308715197427,-144.76728820517042
-166.54041018082245,-0.10861874264518079,-145.59174578584253
-167.364867761428,0.4369632475232059,-146.4162033664481
-168.18932534203356,-0.5151153634271601,-147.24066094705364
-169.0137829227057,-0.4830241811103271,-148.0651185277258
-169.83824050331125,0.8451386324711301,-148.88957610833134
-170.6626980839168,0.3308149335200845,-149.7140336889369
-171.48715566458893,-0.04132225377145815,-150.538491269609
-172.3116132451945,0.8823637869490675,-151.3629488502146
-173.13607082580006,-1.217049477080682,-152.18740643082015
-173.96052840647218,0.5810815279629615,-153.01186401149226
-174.78498598707773,0.12999495595675725,-153.83632159209782
-175.60944356768331,-0.7060762228491093,-154.6607791727034
-176.43390114835543,-0.7060762228491377,-155.48523675337552
-177.25835872896099,-0.18658691473777722,-156.30969433398107
-178.08281630956654,-0.5780934906775634,-157.13415191458662
-178.90727389023868,-0.48031823285674946,-157.95860949525877
-179.73173147084424,-0.15278018170929286,-158.78306707586432
-180.5561890514498,-0.48031823285672104,-159.60752465646988
-181.3806466321219,0.8785191928940002,-160.431982237142
-182.2051042127275,-0.9126445356557191,-161.25643981774758
-183.02956179333304,-0.5456741542889496,-162.08089739835313
-183.85401937400516,-0.050283172268141385,-162.90535497902525
-184.67847695461072,-0.7862901583369855,-163.7298125596308
-185.5029345352163,-0.48031823285672104,-164.55427014023638
-186.32739211588841,-0.4142640146941723,-165.3787277209085
-187.15184969649397,-1.1970792515625455,-166.20318530151405
-187.9763072771661,-0.6571912140992175,-167.02764288218617
-188.80076485777167,-1.0427717022365677,-167.85210046279175
-189.62522243837722,0.8237384383238542,-168.6765580433973
-190.44968001904934,-0.0026690831259976733,-169.50101562406942
-191.2741375996549,-1.4069834871107822,-170.32547320467498
-192.09859518026047,-0.8841964653411516,-171.14993078528056
-192.9230527609326,-0.8195339520869176,-171.97438836595268
-193.74751034153815,-0.8195339520868323,-172.79884594655823
-194.5719679221437,-1.3768401451439196,-173.62330352716378
-195.39642550281584,0.1406191482254222,-174.44776110783593
-196.2208830834214,-1.2545857179349618,-175.27221868844148
-197.04534066402695,-0.2873129240503012,-176.09667626904704
-197.8697982446991,-1.2854041253978359,-176.92113384971918
-198.69425582530465,-1.2854041253974664,-177.74559143032474
-199.5187134059102,-0.654698759230488,-178.5700490109303
-200.34317098658232,-0.11160104835534312,-179.3945065916024
-201.16762856718788,0.9110740238716595,-180.21896417220796
-201.99208614779346,-0.003782651766560008,-181.04342175281354
-202.81654372846558,0.03256497775677403,-181.86787933348566
-203.64100130907113,-1.0339606396325713,-182.69233691409121
-204.46545888967668,0.3615933081296383,-183.51679449469677
-205.28991647034883,1.0311504216412537,-184.3412520753689
-206.11437405095438,-0.003782651766560008,-185.16570965597447
-206.93883163155994,-0.450692449717625,-185.99016723658002
-207.76328921223208,-0.9693087980356871,-186.81462481725217
-208.58774679283763,0.39914778892440594,-187.63908239785772
-209.4122043734432,-0.11160104835522944,-188.46353997846327
-210.2366619541153,0.7930054949929364,-189.2879975591354
-211.0611195347209,0.7930054949929364,-190.11245513974097
